<?xml version="1.0" encoding="UTF-8"?><?xml-stylesheet type='text/css' href='ead.css'?><!DOCTYPE ead SYSTEM "ead_sia.dtd">
<ead>
 <eadheader countryencoding="iso3166-1" dateencoding="iso8601" findaidstatus="acheve" langencoding="iso639-2b" relatedencoding="DC" repositoryencoding="iso15511" scriptencoding="iso15924">
  <eadid>FRAN_IR_057799</eadid>
 <filedesc>
  <titlestmt>
   <titleproper>Archives électroniques des dossiers de classement comme forêts de protection (1924-2012)</titleproper>
    <subtitle>Répertoire numérique du versement 20170190 (20170190/1-20170190/44)</subtitle>
    <author>Frédéric GAUMONT Mission de la politique d'archivage Ministère de l'Agriculture et de l'Alimentation</author>
   </titlestmt>
   <editionstmt>
    <edition>Première édition électronique</edition>
   </editionstmt>
   <publicationstmt>
   <publisher>Archives nationales</publisher>
    <address>
     <addressline>Pierrefitte-sur-Seine</addressline>
    </address>
    <date calendar="gregorian" era="ce" normal="2018-01-01/2018-12-31">2018</date>
   </publicationstmt>
  </filedesc>
  <profiledesc>
  <creation>Cet instrument de recherche a été rédigé avec un logiciel de traitement de texte.</creation>
   <langusage>
    <language langcode="fre">Français</language>
   </langusage>
   <descrules>Il est conforme à la norme ISAD(G) et aux règles d'application de la DTD EAD (version 2002) aux Archives nationales.</descrules>
  </profiledesc>
 </eadheader>
 <frontmatter>
  <div>
   <p/>
  </div>
 </frontmatter>
 <archdesc level="recordgrp">
 <did>
  <unitid type="identifiant">20170190/1-20170190/44</unitid>
   <unittitle>Archives électroniques des dossiers de classement comme forêts de protection.</unittitle>
   <unitdate calendar="gregorian" era="ce" normal="1924-01-01 / 2012-12-31">1924-2012</unitdate>
   <origination>
    <corpname>Ministère de l'Agriculture / Direction générale de la forêt et des affaires rurales / Sous-direction de la forêt et du bois / Bureau de la forêt et des territoires (FRAN_NP_008722)</corpname>
    <corpname>Ministère de l'Agriculture / Direction générale des politiques agricole, agroalimentaire et des territoires / Sous-direction de la forêt et du bois / Bureau de la forêt, des territoires et de la chasse (FRAN_NP_008903)</corpname>
   </origination>
   <physdesc>
   <extent>180 fichiers (7,365 Go)</extent>
   </physdesc>
   <langmaterial>
    <language langcode="fre">Français</language>
   </langmaterial>
   <repository>Archives nationales</repository>
   <physloc>Pierrefitte-sur-Seine</physloc>
  </did>
  <accessrestrict>
   <p>Librement communicable sous réserve du règlement de la salle de lecture.</p>
  </accessrestrict>
  <userestrict>
   <p>Reproduction selon le règlement de la salle de lecture.</p>
  </userestrict>
  <acqinfo>
   <p>Versement aux Archives nationales en 2017.</p>
  </acqinfo>
  <bioghist>
   <p>Créées par la loi du 28 avril 1922 relative aux forêts de protection (dite loi « CHAUVEAU »), les forêts de protection relèvent jusqu'en 1965 de la Direction générale des eaux et forêts. Initialement placées au sein d'une Section aménagement et exploitation au compte de l'État du Bureau aménagement et gestion (décret du 25 janvier 1926 relatif à l'organisation de l'administration centrale du ministère de l'Agriculture), puis au sein d'une Section aménagement et exploitation en régie (décret du 25 mai 1938 relatif à l'organisation de l'administration centrale du ministère de l'Agriculture), elles relèvent du Bureau domaine soumis au régime forestier du Service de gestion administrative et technique (décret du 25 mai 1938 relatif à l'organisation de l'administration centrale du ministère de l'Agriculture), puis de la Division de la protection de la nature et des parcs nationaux du Service de la protection et de l'aménagement des ressources naturelles (arrêté du 24 décembre 1961 relatif à la répartition des attributions entre les directions et services du ministère de l'Agriculture pris en application du décret n° 61-1265 du 24 novembre 1961 portant sur l'organisation du ministère de l'Agriculture).</p>
   <p>En 1965, les forêts de protection dépendent de la Section technique de la protection de la forêt et des sols de la Sous-direction de la protection et de l'aménagement de l'espace naturel de la Direction de la forêt au sein de la Direction générale de l'espace rural (décret n° 65-537 du 6 juillet 1965 portant réorganisation du ministère de l'Agriculture), puis en 1968, de la Section technique centrale des équipements de protection de la Sous-direction de l'espace naturel au sein de la Direction de la forêt (arrêté du 6 juin 1968 relatif à la répartition des attributions entre les directions et services du ministère de l'Agriculture pris en application du décret n° 68-216 du 6 mars 1968 portant sur la réorganisation du ministère de l'Agriculture).</p>
   <p>De 1976 à 1987, la gestion des forêts de protection est confiée au Bureau des équipements de protection et d'accueil de la Sous-direction de l'équipement forestier au sein du Service des forêts (décret n° 76-487 du 2 juin 1976 portant réorganisation du ministère de l'Agriculture), lequel est constitué en Direction des forêts en 1983 (décret n° 83-751 du 9 août 1983 relatif à la réorganisation du ministère de l'Agriculture).</p>
   <p>De 1987 à 2003, le Bureau de la protection forestière et de la forêt d'accueil de la Sous-direction de la forêt au sein de la Direction de l'espace rural et de la forêt (arrêté du 13 mars 1987 portant organisation et attributions de la Direction de l'espace rural et de la forêt, pris en application du décret n° 87-86 du 10 février 1987 relatif à l'organisation de l'administration centrale du ministère de l'Agriculture), devenu Bureau de la protection de la forêt (arrêté du 2 juillet 1999 relatif à l'organisation des services de la Direction de l'espace rural et de la forêt), est en charge des forêts de protection.</p>
   <p>En 2003 est instituée une Direction générale de la forêt et des affaires rurales au sein de laquelle les forêts de protection sont gérées par le Bureau de la forêt et des territoires de la Sous-direction de la forêt et du bois (arrêté du 17 mars 2003 relatif à l'organisation des services de la Direction générale de la forêt et des affaires rurales, pris en application du décret n° 2003-238 du 17 mars 2003 créant une Direction générale de la forêt et des affaires rurales au ministère de l'Agriculture).</p>
   <p>En 2008, cette compétence est attribuée au Bureau de la forêt, des territoires et de la chasse de la Sous-direction de la forêt et du bois au sein du Service de la forêt, de la ruralité et du cheval de la Direction générale des politiques agricole, agroalimentaire et des territoires (arrêté du 30 juin 2008 portant organisation et attributions de la Direction générale des politiques agricole, agroalimentaire et des territoires, pris en application du décret n° 2008-636 du 30 juin 2008 fixant l'organisation de l'administration centrale du ministère chargé de l'Agriculture, de l'Alimentation et de la Pêche).</p>
   <p>Le Bureau de la forêt, des territoires et de la chasse est chargé de l'animation de la politique forestière en matière d'environnement et de biodiversité (espaces protégés, stratégie nationale biodiversité en forêt, etc.). Il pilote certains outils assurant la pérennisation de la forêt, tels que le classement en forêt de protection et la réglementation du défrichement. Il représente le ministère de l'Agriculture au Conseil national de protection de la nature (CNPN). Il est chargé de la mise en place de la politique de prévention des risques en forêt et par la forêt, notamment au travers de la restauration des terrains en montagne (RTM) et de la fixation des dunes. Il coordonne également la politique de la chasse avec les politiques agricoles et forestières et assure la cotutelle de l'Office national de la chasse et de la faune sauvage (ONCFS) avec le ministère de l'Environnement.</p>
  </bioghist>
  <custodhist>
   <p>Ce versement est constitué des fichiers numériques réalisés à partir des documents originaux attestant du classement et du déclassement des forêts de protection et destinés à être mis à la disposition du public. Numérisés à partir de décembre 2012 par la société Informatique Micro Services Organisation (IMSO), ces dossiers sont versés à la Mission de la politique d'archivage du ministère de l'Agriculture, de l'Agroalimentaire et de la Forêt en 2016 sous la cote 54 MA, avant traitement pour versement aux Archives nationales en 2017 sous la cote 20170190.</p>
   <p>Outre les vingt premiers caractères d'identification propres aux Archives nationales, chaque fichier comporte : le numéro minéralogique du département des dossiers de classement comme forêts de protection (deux chiffres), les dates extrêmes des documents numérisés - de quatre à huit chiffres selon le modèle « aaaa-aaaa » -, le nom du massif ou de la forêt classée ainsi que la nature des documents numérisés, abrégés de la manière suivante : « dc » pour dossier de classement ; « dd » pour dossier de déclassement ; « decret » pour décret de classement, « anx-decret » pour annexes au décret de classement ; « tabl-pcl » pour tableau parcellaire. Par ailleurs, certains noms de fichiers comportent les mentions suivantes : « fftb » pour forêt de Fontainebleau ; « frbt » pour forêt de Ranbouillet ; « fci » pour forêt communale indivise.</p>
   <p>Par défaut, l'intitulé du fichier comprend le nom exact des massifs ou forêts classées. Toutefois, lorsqu'un décret de classement porte sur plusieurs massifs ou forêts, seuls les deux premiers noms de massifs ou de forêts sont mentionnés, les autres noms étant identifiés par la locution « etc ».</p>
  </custodhist>
  <appraisal>
   <p>Aucune élimination n'a été pratiquée.</p>
  </appraisal>
  <arrangement>
   <p>Principes généraux</p>
   <p>Les dossiers sont classés par département, puis par ordre alphabétique des massifs et forêts concernés. Dans le cas de forêts particulièrement étendues, notamment celles de Fontainebleau et de Rambouillet, les documents sont ensuite regroupés par commune, également selon l'ordre alphabétique.</p>
   <p>Pour les massifs qui s'étendent sur plusieurs départements, les dossiers correspondants ont été classés en fonction de la préfecture qui a coordonné la procédure de classement comme forêt de protection.</p>
   <p>Dénomination des forêts et des territoires</p>
   <p>Cas de massifs rassemblés et de massifs répartis sur plusieurs dossiers</p>
   <p>Les dossiers sont constitués dans le cadre de la promulgation des décrets de classement. Or, un décret peut porter sur plusieurs massifs d'un même département. Aussi, ils sont référencés comme un seul ensemble, énumérés selon leur ordre alphabétique et classés en fonction du premier d'entre eux. Les forêts sont dans ce cas énumérées ensemble sans passage à la ligne, car il s'agit alors d'un seul et même dossier.</p>
   <p>À l'inverse, un même massif peut être concerné par plusieurs décrets. En effet, les procédures de classement portent souvent sur un ensemble de parcelles défini qui ne correspond pas à la totalité du massif. Il arrive alors dans certains cas que des classements dits « complémentaires » soient promulgués, s'ils portent uniquement sur le même massif, ou bien que l'une des parties restantes soit associée à une autre forêt dans une procédure de classement indépendante. La forêt d'Offendorf (Bas-Rhin) fait ainsi l'objet de deux classements distincts en 1996, l'un qui la concerne uniquement et qui est donc référencé à son nom, l'autre qui porte également sur la forêt de Drusenheim (Bas-Rhin) et qui est noté comme « Forêts de Drusenheim et Offendorf ».</p>
   <p>Précisions quant à la datation</p>
   <p>Dans une grande partie des cas, les cartes et plans ne portent pas de dates, on leur assimile alors la date du décret.</p>
  </arrangement>
  <accruals>
   <p>Fonds ouvert.</p>
  </accruals>
  <scopecontent>
   <p>Les forêts sont ici classées et nommées selon les dénominations employées dans les décrets de classement comme forêts de protection. Il s'agit du nom de la ou des communes concernées, de celui de lieux-dits ou d'éléments prépondérants du relief (montagne, combe, etc.). Le cas échéant, d'autres dénominations non inscrites dans les décrets mais utilisées actuellement par l'administration pour désigner les forêts en question, peuvent être précisées.</p>
   <p>Pour une plus grande facilité de lecture, les termes de « massif », « forêt » et « bois » n'apparaissent pas dans les dénominations (exemple : le massif des Saumonards est indiqué seulement par « Les Saumonards »). Uniquement dans le cas de décrets portant sur plusieurs massifs, ces termes sont utilisés pour marquer cette pluralité et permettre de les distinguer les uns des autres.</p>
   <p>Les communes et les départements sont quant à eux indiqués selon leur dénomination actuelle. Le cas échéant, l'ancienne forme du nom est précisée si elle apparaît dans les documents décrits.</p>
   <p>Les dossiers ont été constitués en vue du classement des massifs concernés comme forêts de protection.</p>
   <p>
    <emph render="underline">Définition</emph>
   </p>
   <p>L'article L.141-1 du code forestier précise que peuvent être classés comme forêts de protection, pour cause d'utilité publique après enquête publique :</p>
   <list>
    <item>les bois et forêts dont la conservation est reconnue nécessaire au maintien des terres sur les montagnes et sur les pentes, à la défense contre les avalanches, les érosions et les envahissements des eaux et des sables ;</item>
    <item>les bois et forêts situés à la périphérie des grandes agglomérations et les bois et forêts situés dans les zones où leur maintien s'impose soit pour des raisons écologiques, soit pour le bien-être de la population</item>
   </list>
   <p>Le classement comme forêt de protection interdit tout changement d'affectation ou tout mode d'occupation du sol de nature à compromettre la conservation ou la protection des boisements (art L.141-2 du code forestier).</p>
   <p>
    <emph render="underline">De la Révolution française à 1922</emph>
   </p>
   <p>La première prise de conscience à l'origine de l'établissement des forêts de protection intervient au cours du XIXe siècle. La Révolution est en effet accompagnée d'une déforestation importante, notamment en zone de montagne, qui entraîne de nombreuses catastrophes naturelles dues, par exemple, à l'absence des arbres pour maintenir le manteau neigeux. Les premières grandes lois dans ce domaine, spécifiques à la montagne, datent du 28 juillet 1860 et du 4 avril 1882. Ces mesures s'attachent spécifiquement à ce que l'on nomme la « restauration des terrains en montagne » (RTM) et la « fixation des dunes ». Ces notions continuent d'être utilisées et sont liées à celle de forêt de protection.</p>
   <p>
    <emph render="underline">Instauration et évolution du cadre législatif et réglementaire</emph>
   </p>
   <p>Le classement en « forêt de protection » (expression nouvelle) et la mise en place de la procédure administrative correspondante voient le jour avec la loi du 28 juillet 1922 relative aux forêts de protection, dite « loi CHAUVEAU ». Le cadre réglementaire est ensuite posé avec le décret du 2 août 1923 portant règlement d'administration publique déterminant les conditions d'application de la loi du 28 avril 1922 relative aux forêts de protection.</p>
   <p>Plusieurs lois et décrets modifient, par la suite, ces premières dispositions (voir la liste dans la bibliographie).</p>
   <p>
    <emph render="underline">P</emph>
    <emph render="underline">rocédure de classement et constitution des dossiers</emph>
   </p>
   <p>La liste des bois et forêts susceptibles d'être classés comme forêts de protection est établie par le préfet. Lorsqu'un bois ou une forêt s'étend sur plusieurs départements, un des préfets est chargé de coordonner la procédure par arrêté du Premier ministre (art. R141-1 du code forestier).</p>
   <p>Un procès-verbal de reconnaissance est établi par le préfet, en liaison avec les maires concernés, ainsi que, soit avec l'Office national des forêts, pour les forêts où le régime forestier s'applique, soit avec le Centre régional de la propriété forestière, pour les forêts privées.</p>
   <p>Le procès-verbal de reconnaissance expose la configuration des lieux, leur altitude moyenne, les conditions dans lesquelles ils se trouvent au point de vue géologique et climatique, l'état et la composition moyenne des peuplements forestiers ; il constate et précise les circonstances qui rendent le classement nécessaire. Il est accompagné d'un tableau parcellaire établi d'après les documents cadastraux donnant, pour chaque parcelle ou portion de parcelle comprise dans les bois et forêts à classer, le territoire communal, la section et le numéro de la matrice cadastrale, la contenance, le nom du propriétaire, le revenu cadastral et le mode de traitement adopté.</p>
   <p>Le plan des lieux est dressé d'après le cadastre et porte l'indication des sections et les numéros des parcelles, ainsi que les limites du territoire concerné (art. R141-3).</p>
   <p>Le préfet soumet le projet à une enquête publique qui donne lieu à l'établissement d'un dossier d'enquête étudiant les motifs et les implications du classement. Le rapport du commissaire enquêteur est transmis aux conseils municipaux concernés pour avis. La commission départementale de la nature donne alors elle aussi un avis sur la base du rapport d'enquête et des avis des conseils municipaux.</p>
   <p>Le dossier d'enquête publique et les avis sont ensuite envoyés au ministre en charge des forêts avec un rapport du préfet pour la suite de l'instruction, qui le transmet au Conseil d'État avec le projet de décret de classement. La section des Travaux publics du Conseil d'État et le ministère examinent le dossier. La décision de classement est prise par décret du Conseil d'État avec, pour annexes, un plan de délimitation de la forêt, et des plans et tableaux parcellaires. Ces annexes, au vu de leur volume, ne peuvent pas être publiées au <emph render="italic">Journal officiel</emph> et sont donc consultables par le public auprès du ministère et des préfectures. </p>
   <p>La décision de classement est affichée pendant quinze jours dans chacune des mairies des communes intéressées. Un plan de délimitation est déposé à la mairie (art. R141-10).</p>
   <p>
    <emph render="underline">Présentation du contenu des dossiers</emph>
   </p>
   <p>Chaque dossier correspond à la ou les zone(s) concernée(s) par le décret de classement comme forêt de protection et contient quasi-exclusivement le décret de classement et ses annexes, ainsi que les éventuels décrets modifiant celui d'origine (avec leurs propres annexes). On retrouve ainsi les typologies suivantes :</p>
   <p>- copies de décrets ;</p>
   <p>- copies de tableaux parcellaires, dits aussi « états parcellaires » ;</p>
   <p>- copies de plans des lieux, parmi lesquels on peut distinguer les plans de situation, donnant une vue d'ensemble, et les plans cadastraux, plus précis, une partie d'entre eux ayant été réalisés à partir de cartes de l'Institut national de l'information géographique et forestière (IGN) ;</p>
   <p>- copies de documents relevant de l'ensemble des typologies précédemment énumérées ;</p>
   <p>- dans un cas seulement : copie de l'affiche communale d'un décret (20170190/1).</p>
   <p>Les copies de cartes et plans sont le plus souvent celles qui ont été établies dans le cadre de la procédure de classement, mais il s'agit également parfois de copies de documents beaucoup plus tardifs dressés pour tenir compte des évolutions.</p>
   <p>Certains dossiers rassemblent également les mêmes pièces dans le cadre de procédures de classement complémentaire, c'est-à-dire d'élargissement de la forêt de protection, ou de déclassement partiel. Dans ces cas, l'information est reportée aux niveaux concernés.</p>
  </scopecontent>
  <separatedmaterial>
   <p>Sur les forêts de protection, le lecteur pourra consulter avec profit d'autres fonds d'archives du ministère chargé de la Forêt conservés aux Archives nationales :</p>
   <list>
    <item>
     <emph render="bold">19910097 </emph>: Direction des forêts ; Archives de la Direction des forêts concernant la lutte contre les incendies de forêt ; 1920-1985 ; art. 122 : forêts de protection (1921-1953). </item>
    <item>
     <emph render="bold">19970252 </emph>: Direction de l'espace rural et de la forêt ; Sous-direction de la forêt ; Bureau protection de la forêt ; Projets de classement des forêts de protection ; 1967-1996. </item>
   </list>
  </separatedmaterial>
  <otherfindaid>
   <list>
    <item>
     <emph render="bold">20170</emph>
     <emph render="bold">184</emph>
     <emph render="bold"> </emph>: Direction générale des politiques agricole, agroalimentaire et des territoires ; Sous-direction de la forêt et du bois ; Bureau de la forêt, des territoires et de la chasse ; Dossiers de classement comme forêts de protection ; 1924-2012. </item>
   </list>
  </otherfindaid>
  <bibliography>
   <p>
    <emph render="underline">Textes législatifs</emph>
   </p>
   <p>
    <emph render="italic">Code forestier</emph>
   </p>
   <p>Articles L.141-1 à L.144-1 et art. R141-1 à R143-9.</p>
   <p>
    <emph render="italic">Lois et premier décret d'application</emph>
   </p>
   <p>- Loi du 28 avril 1922 relative aux forêts de protection (JO 4 mai 1922, dite « Loi CHAUVEAU) ;</p>
   <p>- Loi n° 76-629 du 10 juillet 1976 relative à la protection de la nature, art. 28-II. et III. (JO 13 juillet 1976) ;</p>
   <p>- Loi n° 85-1273 du 4 décembre 1985 relative à la gestion, la valorisation et la protection de la forêt, art. 68 (JO 5 décembre 1985) ;</p>
   <p>- Loi n° 2001-602 du 9 juillet 2001 d'orientation sur la forêt (JO 11 juillet 2001) ;</p>
   <p>- Loi n° 2005-157 du 23 février 2005, art. 224 (JO 24 février 2005).</p>
   <p>
    <emph render="italic">Décrets</emph>
   </p>
   <p>- Décret du 2 août 1923 portant règlement d'administration publique déterminant les conditions d'application de la loi du 28 avril 1922 relative aux forêts de protection (JO 11 août 1923) ;</p>
   <p>- Décret n° 78-808 du 1er août 1978 relatif aux forêts de protection (JO 2 août 1978) ;</p>
   <p>- Décret n° 79-812 du 19 septembre 1979 modifiant le décret n° 79-114 du 25 janvier 1979 portant codification et modification des textes réglementaires concernant les forêts (JO 22 septembre 1979), rectificatif (JO 21 décembre 1979) ;</p>
   <p>- Décret n° 80-567 du 18 juillet 1980, art. 2, art. 18 (JO 23 juillet 1980) ;</p>
   <p>- Décret n° 85-956 du 11 septembre 1985, art. 5 (JO 12 septembre 1985) ;</p>
   <p>- Décret n° 93-604 du 27 mars 1993 modifiant le code forestier (JO 28 mars 1993) ;</p>
   <p>- Décret n° 2003-539 du 20 juin 2003, art. 9 (JO 22 juin 2003) ;</p>
   <p>- Décret n° 2006-871 du 12 juillet 2006, art. 10 III (JO 14 juillet 2006) ;</p>
   <p>- Décret n° 2006-1230 du 6 octobre 2006 relatif aux travaux de recherche et aux captages d'eau dans les forêts de protection et modifiant le code forestier (JO 8 octobre 2006) ;</p>
   <p>- Décret n° 2007-18 du 5 janvier 2007, art. 19 IV (JO du 6 janvier 2007) ;</p>
   <p>- Décret n° 2007-49 du 11 janvier 2007, art. 7 (JO 12 janvier 2007).</p>
   <p>
    <emph render="italic">Circulaire</emph>
   </p>
   <p>Circulaire du 12 mai 1992 DERF/SDEF/n°92-3011.</p>
   <p>
    <emph render="underline">Généralités</emph>
   </p>
   <p>Centre national du machinisme agricole, du génie rural, des eaux et des forêts (CEMAGREF), Utilisation de photographies aériennes numérisées et des outils de télédétection pour localiser et classifier les forêts de montagne à fonction de protection vis-à-vis des risques naturels, Saint-Martin d'Hères, 1998.</p>
   <p>CEMAGREF, ONF, HURAND A., LADIER J., REY F., Forêts de protection contre les aléas naturels, diagnostics et stratégies, 2009.</p>
   <p>Ministère de l'Agriculture et de la Pêche, Bergerie nationale, <emph render="italic">La forêt périurbaine</emph>, Rambouillet, 1997. </p>
   <p>Ministère de l'Agriculture et de la Pêche, Direction de l'espace rural et de la forêt (DERF), <emph render="italic">Les forêts de protection en France</emph>, Paris, 1997. </p>
   <p>LAGARDE M., <emph render="italic">La législation des forêts de protection</emph>, 2008. </p>
   <p>« Risques naturels et aménagement du territoire », Ingénieries, n° spécial, 2003, p. 1-283.</p>
   <p>
    <emph render="underline">Historique</emph>
   </p>
   <p>LEONE S., « De la bannie à la forêt de protection : les montagnes aux XVIIIe et XIXe siècles », <emph render="italic">Revue forestière française</emph>, n° 3, 2006, p. 257-268. </p>
   <p>
    <emph render="underline">Études de forêts de protection particulières</emph>
   </p>
   <p>Ministère de l'Aménagement du territoire et de l'Environnement, Inspection générale de l'Environnement, GLASS B., <emph render="italic">Un projet territorial, patrimonial et partagé pour le massif de Fontainebleau</emph>, Paris, 2001. </p>
   <p>CEMAGREF, BERGER F., <emph render="italic">Etude des forêts à fonction de protection du département de la Savoie</emph>, Grenoble, 1993. </p>
   <p>École nationale du génie rural, des eaux et des forêts (ENGREF), HAMELIN G., <emph render="italic">Conservation du patrimoine biologique forestier : cartographie des stations et des peuplements et gestion à conduire dans une forêt rhénane bénéficiant du statut de forêt de protection, la forêt domaniale de Daubensand</emph>, Nancy, 1990. </p>
   <p>ENGREF, HAUSCHILD R., <emph render="italic">Conservation du patrimoine biologique forestier : cartographie des forêts rhénanes et réflexions sur la gestion d'une forêt de protection : forêt communale de Rhinau</emph>, Nancy, 1990. </p>
   <p>RENAUD J.P., RUPE C., <emph render="italic">Stabi</emph>
    <emph render="italic">l</emph>
    <emph render="italic">ité et fonction de protection des forêts de montagne dans les Alpes du Nord, approche méthodologique</emph>, 1992. </p>
  </bibliography>
  <dsc>
  <c id="ca0fsup0oyj-1pte7xfi74zfx" level="otherlevel">
   <did>
    <unitid type="cote-de-consultation">20170190/1</unitid>
     <unittitle>Aisne, Alpes-de-Haute-Provence</unittitle>
     <unitdate calendar="gregorian" era="ce" normal="1927-01-01/1987-12-31">1927-1987</unitdate>
    </did>
    <bioghist>
     <p>Par décret du 13 avril 1970, le département des Basses-Alpes devient Alpes-de-Haute-Provence.</p>
     <p>Massifs de Barcelonnette… (Alpes-de-Haute-Provence) :</p>
     <p>Ce dossier ne contient pas le décret de classement en lui-même, mais un exemplaire de son affiche communale.</p>
     <p>Le massif de Blégiers est aussi connu sous le nom de massif de Prads-Haute-Bélone après que Blégiers a été réuni à Prads en 1977.</p>
    </bioghist>
    <scopecontent>
     <p>Dossiers de classement : décrets, affiches de décrets, plans de situation, plans cadastraux, tableaux (dits aussi « états ») parcellaires ou copies de documents relevant de l'ensemble des typologies précédemment énumérées.</p>
     <p>
      <emph render="underline">Aisne</emph>
     </p>
     <p>Holnon (1987).</p>
     <p>
      <emph render="underline">Alpes-de-Haute-Provence</emph>
     </p>
     <p>Massifs de Barcelonnette, Bayons, Blégiers, Châteauneuf-Miravail, Curbans, Draix, Enchastrayes, Fours, Saint-Martin-les-Seyne, Saint-Vincent-sur-Jabron, Thorame-Basse, Thorame-Haute, Uvernet, Verdaches (1927-1985).</p>
     <p>Chabrières (1982).</p>
     <p>Senez (1927).</p>
    </scopecontent>
   </c>
   <c id="ca0fsup0zud--1feh6ducom560" level="otherlevel">
   <did>
    <unitid type="cote-de-consultation">20170190/2</unitid>
     <unittitle>Hautes-Alpes, Ardèche et Ariège</unittitle>
     <unitdate calendar="gregorian" era="ce" normal="1924-01-01/2008-12-31">1924-2008</unitdate>
    </did>
    <bioghist>
     <p>Charance (Hautes-Alpes) :</p>
     <p>Le décret mentionne un massif situé sur le territoire de la commune de Gap, la carte situe la forêt de Charance.</p>
     <p>Les Sauvas (Hautes-Alpes) :</p>
     <p>Le décret précise que les forêts sont comprises dans un massif situé sur le territoire de la commune de Montmaur. Il n'y a pas d'annexes au décret.</p>
     <p>Siguret (Hautes-Alpes) :</p>
     <p>Le décret précise que les forêts sont comprises dans un massif situé sur le territoire de la commune de Baratier.</p>
     <p>Massifs d'Albiès… (Ariège) :</p>
     <p>Il s'agit des communes listées dans le décret. Ces massifs sont également connus sous le nom de forêt du plateau de Beille.</p>
     <p>Perles-et-Castelet et Savignac-les-Ormeaux sont respectivement nommés « Perles Castelet » et « Savignac » dans les décrets de classement.</p>
     <p>Forêts d'Alos… (Ariège) :</p>
     <p>Ces forêts sont mentionnées ainsi sur les états parcellaires tandis que le décret n'évoque que les communes d'Alos, Esplas, Riverenert et Sentenac-de-Sérou.</p>
     <p>Forêts du Haut-Salat (Ariège) :</p>
     <p>Le décret précise que ces forêts sont comprises dans plusieurs massifs situés sur les territoires des communes de Couflens et d'Uston. Les états parcellaires mentionnent les forêts de protection du Salat. Ces forêts sont également connues sous le nom de Haut-Salat.</p>
    </bioghist>
    <scopecontent>
     <p>Dossiers de classement : décrets, plans de situation, plans cadastraux, tableaux (dits aussi « états ») parcellaires ou copies de documents relevant de l'ensemble des typologies précédemment énumérées.</p>
     <p>
      <emph render="underline">Hautes-Alpes</emph>
     </p>
     <p>Charance (1932-1937).</p>
     <p>Prorel (1988-1990).</p>
     <p>Les Sauvas (1932).</p>
     <p>Siguret (1932).</p>
     <p>
      <emph render="underline">Ardèche</emph>
     </p>
     <p>Charaix (1924-1925).</p>
     <p>
      <emph render="underline">Ariège</emph>
     </p>
     <p>Massifs d'Albiès, Aston, Garanou, Luzenac, Montségur, Perles-et-Castelet, Savignac-les-Ormeaux (1926-1927).</p>
     <p>Forêts d'Alos, Bellissens, Fachan et Laffont de Sentenac (1924-1930).</p>
     <p>Massifs de Bélesta, Lassur, Montferrier, Orgeix, Orlu, Pech, Vèbre (1925-1926).</p>
     <p>Massifs de Fougax-et-Barrineuf et Lassur (1927).</p>
     <p>Montferrier, déclassement partiel (2006-2008).</p>
     <p>Forêts du Haut-Salat (1924-1926).</p>
    </scopecontent>
   </c>
   <c id="ca0fsup12al-c7o2npsfaypy" level="otherlevel">
   <did>
    <unitid type="cote-de-consultation">20170190/3</unitid>
     <unittitle>Aude</unittitle>
     <unitdate calendar="gregorian" era="ce" normal="1925-01-01/1986-12-31">1925-1986</unitdate>
    </did>
    <bioghist>
     <p>Lapazeuil :</p>
     <p>Le décret précise que les forêts dont il est question sont comprises dans un massif situé sur le territoire de la commune de Counozouls. L'état parcellaire se réfère également à la commune pour l'ensemble et mentionne Lapazeuil comme l'un des lieux-dits concernés. Le plan de 1986 situe uniquement et globalement la « forêt de Lapazeuil ».</p>
     <p>Massifs de Le Bousquet… :</p>
     <p>Une partie de ces massifs est connue comme la forêt du Gravas.</p>
     <p>Forêts de Camelié… :</p>
     <p>Le décret mentionne les communes d'Axat, Belviane, Belvis, Bessède-de-Sault, Le Bousquet, Coudons, Nébias, Puivert, Quirbajou, Saint-Louis-et-Parahou, Saint-Martin-du-Lys. Le plan de 1986 utilise les dénominations particulières de chaque forêt : Camelié, la Comtesse, Faussivre, Fontanilles, Lapeyre, Linary, Moustiers, Navarre, Petignous, Puivert et le Minie, Resclause, Saint-Colombe Est, Saint-Colombe Ouest, Salvanère, Sarrat Blazy, la Serre de Quirbajou et Trabanet.</p>
    </bioghist>
    <arrangement>
     <p>Les procédures et décrets de classement datent des années 1920, mais les dossiers ont été complétés en 1986 par des plans de situation dont l'établissement tient davantage compte de la situation géographique des forêts que de leur répartition dans les décrets successifs. En conséquence, certains massifs, ou les bois de certaines communes, concernés par un décret peuvent en partie être représentés sur les plans présents dans les autres dossiers. Plus particulièrement, la forêt des Bailleurs ne figure pas sur le plan de situation du dossier « Bois des Alliés, des Bailleurs, de Madres, de Serre du Clat » mais dans celui de la forêt de Lapazeuil.</p>
    </arrangement>
    <scopecontent>
     <p>Dossiers de classement : décrets, plans de situation, plans cadastraux, tableaux (dits aussi « états ») parcellaires ou copies de documents relevant de l'ensemble des typologies précédemment énumérées.</p>
     <p>Bois des Alliés, des Bailleurs, de Madres, de Serre du Clat (1928-1986).</p>
     <p>Lapazeuil (1927-1986).</p>
     <p>Massifs de Le Bousquet, Escouloubre, Montfort-sur-Boulzane, Roquefort-de-Sault, Sainte-Colombe-sur-Guette, Salvezines (1927-1980).</p>
     <p>Forêts de Camelié, la Comtesse, Faussivre, Fontanilles, Lapeyre, Linary, Moustiers, Navarre, Petignous, Puivert et le Minie, Resclause, Saint-Colombe Est, Saint-Colombe Ouest, Salvanère, Sarrat Blazy, la Serre de Quirbajou, Trabanet (1925-1986).</p>
    </scopecontent>
   </c>
   <c id="ca0fsup14e1-n4vuyl9jb6ay" level="otherlevel">
   <did>
    <unitid type="identifiant">20170190/4-20170190/5</unitid>
     <unittitle>Charente-Maritime</unittitle>
     <unitdate calendar="gregorian" era="ce" normal="1983-01-01/1989-12-31">1983-1989</unitdate>
    </did>
    <scopecontent>
     <p>Dossiers de classement : décrets, plans de situation, plans cadastraux, tableaux (dits aussi « états ») parcellaires ou copies de documents relevant de l'ensemble des typologies précédemment énumérées.</p>
    </scopecontent>
    <c id="ca0fsup16dc-s7hzzgg3fbkk" level="otherlevel">
    <did>
     <unitid type="cote-de-consultation">20170190/4</unitid>
      <unittitle>Presqu'île d'Arvert</unittitle>
      <unitdate calendar="gregorian" era="ce" normal="1989-01-01/1989-12-31">1989</unitdate>
     </did>
    </c>
    <c id="ca0fsup18b7-18twttef8b3t6" level="otherlevel">
    <did>
     <unitid type="cote-de-consultation">20170190/5</unitid>
      <unittitle>Les Saumonards</unittitle>
      <unitdate calendar="gregorian" era="ce" normal="1983-01-01/1983-12-31">1983</unitdate>
     </did>
    </c>
   </c>
   <c id="ca0fsup1abs-1s7b0cv93ef3d" level="otherlevel">
   <did>
    <unitid type="cote-de-consultation">20170190/6</unitid>
     <unittitle>Drôme</unittitle>
     <unitdate calendar="gregorian" era="ce" normal="1928-01-01/1929-12-31">1928-1929</unitdate>
    </did>
    <scopecontent>
     <p>Dossiers de classement : décrets, plans de situation, plans cadastraux, tableaux (dits aussi « états ») parcellaires ou copies de documents relevant de l'ensemble des typologies précédemment énumérées.</p>
     <p>Saou.</p>
    </scopecontent>
   </c>
   <c id="ca0fsup1c8p--hkl9gmz4jqn3" level="otherlevel">
   <did>
    <unitid type="cote-de-consultation">20170190/7</unitid>
     <unittitle>Eure</unittitle>
     <unitdate calendar="gregorian" era="ce" normal="1979-01-01/2007-12-31">1979-2007</unitdate>
    </did>
    <scopecontent>
     <p>Dossiers de classement : décrets, plans de situation, plans cadastraux, tableaux (dits aussi « états ») parcellaires ou copies de documents relevant de l'ensemble des typologies précédemment énumérées.</p>
     <p>Évreux et massifs périphériques.</p>
    </scopecontent>
   </c>
   <c id="ca0fsup1e6v-1h5ddutv8r8h2" level="otherlevel">
   <did>
    <unitid type="cote-de-consultation">20170190/8</unitid>
     <unittitle>Eure-et-Loir</unittitle>
     <unitdate calendar="gregorian" era="ce" normal="2004-01-01/2004-12-31">2004</unitdate>
    </did>
    <scopecontent>
     <p>Dossiers de classement : décrets, plans de situation, plans cadastraux, tableaux (dits aussi « états ») parcellaires ou copies de documents relevant de l'ensemble des typologies précédemment énumérées.</p>
     <p>Dreux.</p>
    </scopecontent>
   </c>
   <c id="ca0fsup1g3t--1kx3a6z6jf2ig" level="otherlevel">
   <did>
    <unitid type="identifiant">20170190/9-20170190/10</unitid>
     <unittitle>Haute-Garonne</unittitle>
     <unitdate calendar="gregorian" era="ce" normal="1924-01-01/2009-12-31">1924-2009</unitdate>
    </did>
    <scopecontent>
     <p>Dossiers de classement : décrets, plans de situation, plans cadastraux, tableaux (dits aussi « états ») parcellaires ou copies de documents relevant de l'ensemble des typologies précédemment énumérées.</p>
    </scopecontent>
    <c id="ca0fsup1i2z-10xw5brtj0x9o" level="otherlevel">
    <did>
     <unitid type="cote-de-consultation">20170190/9</unitid>
      <unittitle>Massifs de « Arbas » à « Bachos »</unittitle>
      <unitdate calendar="gregorian" era="ce" normal="1924-01-01/1926-12-31">1924-1926</unitdate>
     </did>
     <bioghist>
      <p>Bois d'Arbas… :</p>
      <p>Il s'agit ici du nom des communes. La forêt de Fourgaron est également connue sous le nom de Bosc d'Arbas.</p>
      <p>Massif de Bachos… :</p>
      <p>Bachos et Binos formaient alors l'unique commune de Bachos-Binos.</p>
     </bioghist>
     <scopecontent>
      <p>Bois d'Arbas, de Fougaron et d'Herran (1924-1926).</p>
      <p>Massif de Bachos, Binos, Guran et Signac (1924-1926).</p>
     </scopecontent>
    </c>
    <c id="ca0fsup1jza-1i8pm0kbx7q04" level="otherlevel">
    <did>
     <unitid type="cote-de-consultation">20170190/10</unitid>
      <unittitle>Bouconne</unittitle>
      <unitdate calendar="gregorian" era="ce" normal="2007-01-01/2009-12-31">2007-2009</unitdate>
     </did>
     <bioghist>
      <p>La procédure de classement a été coordonnée par le département de la Haute-Garonne, mais la forêt s'étend également sur celui du Gers.</p>
     </bioghist>
    </c>
   </c>
   <c id="ca0fsup1ly8--1ulzv0gu9rjzx" level="otherlevel">
   <did>
    <unitid type="identifiant">20170190/11-20170190/13</unitid>
     <unittitle>Gironde</unittitle>
     <unitdate calendar="gregorian" era="ce" normal="1991-01-01/1997-12-31">1991-1997</unitdate>
    </did>
    <scopecontent>
     <p>Dossiers de classement : décrets, plans de situation, plans cadastraux, tableaux (dits aussi « états ») parcellaires ou copies de documents relevant de l'ensemble des typologies précédemment énumérées.</p>
    </scopecontent>
    <c id="ca0fsup1nvh--1oepbvy7tbhcf" level="otherlevel">
    <did>
     <unitid type="identifiant">20170190/11-20170190/12</unitid>
      <unittitle>Carcans et Hourtin</unittitle>
      <unitdate calendar="gregorian" era="ce" normal="1991-01-01/1997-12-31">1991-1997</unitdate>
     </did>
     <bioghist>
      <p>Les forêts de Carcans et Hourtin ont fait l'objet d'une procédure commune de classement dont l'aboutissement est le décret de 1992, modifié ensuite par celui de 1997.</p>
     </bioghist>
     <arrangement>
      <p>Classement chronologique des décrets.</p>
     </arrangement>
     <c id="ca0fsup1pts--151b5chdy8629" level="otherlevel">
     <did>
      <unitid type="cote-de-consultation">20170190/11</unitid>
       <unittitle>Décret du 9 janvier 1992</unittitle>
       <unitdate calendar="gregorian" era="ce" normal="1991-01-01/1992-12-31">1991-1992</unitdate>
      </did>
     </c>
     <c id="ca0fsup1rsk--ofcl9toztg7v" level="otherlevel">
     <did>
      <unitid type="cote-de-consultation">20170190/12</unitid>
       <unittitle>Décret du 26 août 1997</unittitle>
       <unitdate calendar="gregorian" era="ce" normal="1997-01-01/1997-12-31">1997</unitdate>
      </did>
     </c>
    </c>
    <c id="ca0fsup1tpu--4h5xxct2b7sq" level="otherlevel">
    <did>
     <unitid type="cote-de-consultation">20170190/13</unitid>
      <unittitle>Forêts de Saint-Aubin-de-Médoc et du Taillan-Médoc</unittitle>
      <unitdate calendar="gregorian" era="ce" normal="1991-01-01/1991-12-31">1991</unitdate>
     </did>
    </c>
   </c>
   <c id="ca0fsup1vlr--1mjrtxnrfq47" level="otherlevel">
   <did>
    <unitid type="cote-de-consultation">20170190/14</unitid>
     <unittitle>Hérault, Lozère, Manche et Moselle</unittitle>
     <unitdate calendar="gregorian" era="ce" normal="1925-01-01/1989-12-31">1925-1989</unitdate>
    </did>
    <bioghist>
     <p>L'Usclade (Hérault) :</p>
     <p>Le décret précise que les forêts sont comprises dans un massif situé sur le territoire de la commune de Lamalou-les-Bains. Le plan cadastral renvoie à la forêt de Lamalou, dans son titre, et un petit parc de l'Usclade y est également cartographié.</p>
     <p>Altefage (Lozère) :</p>
     <p>Cette forêt est également connue sous le nom de forêt de Mijavois.</p>
     <p>Altier (Lozère) :</p>
     <p>Cette forêt est également connue sous les noms de forêt du Cham et du bois de Thérond.</p>
    </bioghist>
    <scopecontent>
     <p>Dossiers de classement : décrets, plans de situation, plans cadastraux, tableaux (dits aussi « états ») parcellaires ou copies de documents relevant de l'ensemble des typologies précédemment énumérées.</p>
     <p>
      <emph render="underline">Hérault</emph>
     </p>
     <p>L'Usclade (1935).</p>
     <p>
      <emph render="underline">Lozère</emph>
     </p>
     <p>Altefage (1927-1929).</p>
     <p>Altier (1925-1926).</p>
     <p>Roquedols (1937).</p>
     <p>
      <emph render="underline">Manche</emph>
     </p>
     <p>Dardennes (1982).</p>
     <p>
      <emph render="underline">Moselle</emph>
     </p>
     <p>Massifs de Saint-Avold et de la Houve (1989).</p>
    </scopecontent>
   </c>
   <c id="ca0fsup1xja-itpps5fcbcx7" level="otherlevel">
   <did>
    <unitid type="identifiant">20170190/15</unitid>
     <unittitle>Pas-de-Calais</unittitle>
     <unitdate calendar="gregorian" era="ce" normal="1983-01-01/1996-12-31">1983-1996</unitdate>
    </did>
    <scopecontent>
     <p>Dossiers de classement : décrets, plans de situation, plans cadastraux, tableaux (dits aussi « états ») parcellaires ou copies de documents relevant de l'ensemble des typologies précédemment énumérées.</p>
     <p>Les Dames (1983-1984).</p>
     <p>Épinoy (1983-1996).</p>
    </scopecontent>
   </c>
   <c id="ca0fsup1zjr-11bx7436l89if" level="otherlevel">
   <did>
    <unitid type="cote-de-consultation">20170190/16</unitid>
     <unittitle>Puy-de-Dôme, Pyrénées-Atlantiques et Hautes-Pyrénées</unittitle>
     <unitdate calendar="gregorian" era="ce" normal="1924-01-01/1988-12-31">1924-1988</unitdate>
    </did>
    <bioghist>
     <p>Par le décret du 10 octobre 1969, le département Basses-Pyrénées devient Pyrénées-Atlantiques.</p>
     <p>Massif du bassin de la Berthe… (Pyrénées-Atlantiques) :</p>
     <p>Le décret précise que les forêts sont comprises dans quatre groupe de bois communaux situés sur les communes d'Asson, Accous, Aydius et Escot.</p>
     <p>L'Arize (Hautes-Pyrénées) :</p>
     <p>Dont projet de déclassement.</p>
     <p>Les Baronnies (Hautes-Pyrénées) :</p>
     <p>Le décret précise que les forêts sont comprises dans deux massifs situés sur le territoire de la commune d'Esparros. Le dossier de classement comprend, en supplément de la photocopie du décret original, une transcription à laquelle le titre « classement en forêt de protection - Forêt des Baronnies » a été ajouté. Toutefois, les plans de situation localisent plus spécifiquement les forêts de la Basse-Montagne et de la Haute-Montagne des Baronnies, qui sont les autres noms sous lesquels ces forêts sont connues.</p>
     <p>Calamun (Hautes-Pyrénées) :</p>
     <p>Cette forêt a appartenu à l'ancienne société « Calamun &amp; Cie ».</p>
     <p>Forêts de Cuvieille… (Hautes-Pyrénées) :</p>
     <p>Le décret précise que les forêts sont comprises dans quatre massifs situés sur les territoires des communes d'Aragnouet, Asté, Ferrère et Nistos, tandis que les pièces annexes mentionnent la forêt de Soula pour Aragnouet et la forêt de Grammont pour Asté. La forêt de Ferrère est également connue sous le nom de Cuvieille.</p>
    </bioghist>
    <scopecontent>
     <p>Dossiers de classement : décrets, plans de situation, plans cadastraux, tableaux (dits aussi « états ») parcellaires ou copies de documents relevant de l'ensemble des typologies précédemment énumérées.</p>
     <p>
      <emph render="underline">Puy-de-Dôme</emph>
     </p>
     <p>Montagne de Beaune (1924-1926).</p>
     <p>
      <emph render="underline">Pyrénées-Atlantiques</emph>
     </p>
     <p>Massif du bassin de la Berthe et forêt indivisée d'Asson et Arthez-d'Asson (1933-1935).</p>
     <p>
      <emph render="underline">Hautes-Pyrénées</emph>
     </p>
     <p>L'Arize (1953-1988).</p>
     <p>Les Baronnies (1927).</p>
     <p>Bizourtère (1925-1927).</p>
     <p>Calamun (1951-1952).</p>
     <p>Forêts de Cuvieille, Grammont, Nistos et Soula (1925-1927).</p>
     <p>Labassère (1926-1931).</p>
     <p>Vallée de Sost (1925-1927).</p>
    </scopecontent>
   </c>
   <c id="ca0fsup21hf--8inwwva3wixf" level="otherlevel">
   <did>
    <unitid type="cote-de-consultation">20170190/17</unitid>
     <unittitle>Pyrénées-Orientales</unittitle>
     <unitdate calendar="gregorian" era="ce" normal="1925-01-01/1953-12-31">1925-1953</unitdate>
    </did>
    <bioghist>
     <p>Sorède :</p>
     <p>Cette forêt est également connue sous le nom de forêt des Albères.</p>
     <p>Bolquère :</p>
     <p>Bolquère est le nom français officiel de cette forêt, utilisé dans le corps du décret ainsi qu'en titre de l'état parcellaire. Cependant, cette forêt s'étend en réalité sur la commune espagnole de Llívia, dont elle porte exclusivement le nom dans le corps de l'état parcellaire et sur le plan cadastral.</p>
    </bioghist>
    <scopecontent>
     <p>Dossiers de classement : décrets, plans de situation, plans cadastraux, tableaux (dits aussi « états ») parcellaires ou copies de documents relevant de l'ensemble des typologies précédemment énumérées.</p>
     <p>Sorède (1926).</p>
     <p>Bolquère (1925-1926).</p>
     <p>Forêts de Mantet et Py (1952-1953).</p>
    </scopecontent>
   </c>
   <c id="ca0fsup23hu-1pp7w4zd35lkg" level="otherlevel">
   <did>
    <unitid type="identifiant">20170190/18-20170190/21</unitid>
     <unittitle>Bas-Rhin</unittitle>
     <unitdate calendar="gregorian" era="ce" normal="1989-01-01/2012-12-31">1989-2012</unitdate>
    </did>
    <scopecontent>
     <p>Dossiers de classement : décrets, plans de situation, plans cadastraux, tableaux (dits aussi « états ») parcellaires ou copies de documents relevant de l'ensemble des typologies précédemment énumérées.</p>
    </scopecontent>
    <c id="ca0fsup25fn--1metl8vt0dfwv" level="otherlevel">
    <did>
     <unitid type="cote-de-consultation">20170190/18</unitid>
      <unittitle>Massifs de « Artolsheim » à « Drusenheim »</unittitle>
      <unitdate calendar="gregorian" era="ce" normal="1988-01-01/1996-12-31">1988-1996</unitdate>
     </did>
     <bioghist>
      <p>Dausenband :</p>
      <p>D'autres parcelles de la forêt de Daubensand font l'objet d'une procédure de classement commune avec celle de Gerstheim (article 20170190/19).</p>
      <p>Forêts de Drusenheim et d'Offendorf :</p>
      <p>Les parcelles de la forêt d'Offendorf concernées sont rattachées à cette procédure de classement car situées sur la commune de Drusenheim.</p>
      <p>D'autres parcelles de la forêt d'Offendorf font l'objet d'une procédure indépendante de classement comme forêt de protection (article 20170190/20).</p>
     </bioghist>
     <scopecontent>
      <p>Artolsheim (1988-1994).</p>
      <p>Auenheim (1994).</p>
      <p>Beinheim (1995).</p>
      <p>Bootzheim (1993).</p>
      <p>Dalhunden (1995).</p>
      <p>Daubensand (1989-1995).</p>
      <p>Diebolsheim (1994-1995).</p>
      <p>Forêts de Drusenheim et d'Offendorf (1996).</p>
     </scopecontent>
    </c>
    <c id="ca0fsup27dv-19lt3f22qsg46" level="otherlevel">
    <did>
     <unitid type="cote-de-consultation">20170190/19</unitid>
      <unittitle>Massifs de « Erstein » à « Lauterbourg »</unittitle>
      <unitdate calendar="gregorian" era="ce" normal="1989-01-01/2012-12-31">1989-2012</unitdate>
     </did>
     <bioghist>
      <p>Forêts de Gerstheim et de Daubensand :</p>
      <p>Les parcelles de la forêt de Daubensand concernées sont rattachées à cette procédure de classement car situées sur la commune de Gerstheim.</p>
      <p>D'autres parcelles de la forêt de Daubensand font l'objet d'une procédure indépendante de classement comme forêt de protection (article 20170190/18).</p>
     </bioghist>
     <scopecontent>
      <p>Erstein (1989-1996).</p>
      <p>Fort-Louis (1996).</p>
      <p>Forêts de Gerstheim et de Daubensand (1996).</p>
      <p>Herrlisheim (1996).</p>
      <p>Le Kreutzwald (2006-2012).</p>
      <p>Lauterbourg (1996).</p>
     </scopecontent>
    </c>
    <c id="ca0fsup29au-1tqbjcx7up0c7" level="otherlevel">
    <did>
     <unitid type="cote-de-consultation">20170190/20</unitid>
      <unittitle>Massifs de « Mackenheim » à « Offendorf »</unittitle>
      <unitdate calendar="gregorian" era="ce" normal="1989-01-01/1996-12-31">1989-1996</unitdate>
     </did>
     <bioghist>
      <p>Offendorf :</p>
      <p>D'autres parcelles de la forêt d'Offendorf font l'objet d'une procédure de classement commune avec celle de Drusenheim (article 20170190/18).</p>
     </bioghist>
     <scopecontent>
      <p>Mackenheim (1993-1994).</p>
      <p>Marckolsheim (1989-1996).</p>
      <p>Mothern (1994).</p>
      <p>Neuhaeusel (1994-1995).</p>
      <p>Nordhouse (1994-1995).</p>
      <p>Offendorf (1996).</p>
     </scopecontent>
    </c>
    <c id="ca0fsup2b82--1lht5ohmh787m" level="otherlevel">
    <did>
     <unitid type="cote-de-consultation">20170190/21</unitid>
      <unittitle>Massifs de « Plobsheim » à « Wantzeneau »</unittitle>
      <unitdate calendar="gregorian" era="ce" normal="1989-01-01/1997-12-31">1989-1997</unitdate>
     </did>
     <scopecontent>
      <p>Plobsheim (1994).</p>
      <p>Rhinau (1994).</p>
      <p>Schoenau (1989-1993).</p>
      <p>Sessenheim (1993-1994).</p>
      <p>Stattmatten (1994).</p>
      <p>Forêt de Sundhouse (1993-1994).</p>
      <p>La Wantzenau (1996-1997).</p>
     </scopecontent>
    </c>
   </c>
   <c id="ca0fsup2d6b--1fzdj67rircee" level="otherlevel">
   <did>
    <unitid type="identifiant">20170190/22-20170190/23</unitid>
     <unittitle>Haut-Rhin</unittitle>
     <unitdate calendar="gregorian" era="ce" normal="1993-01-01/2004-12-31">1993-2004</unitdate>
    </did>
    <scopecontent>
     <p>Dossiers de classement : décrets, plans de situation, plans cadastraux, tableaux (dits aussi « états ») parcellaires ou copies de documents relevant de l'ensemble des typologies précédemment énumérées.</p>
    </scopecontent>
    <c id="ca0fsup2f40--vs5gowshknok" level="otherlevel">
    <did>
     <unitid type="cote-de-consultation">20170190/22</unitid>
      <unittitle>Massifs de « Algosheim » à « Heiteren »</unittitle>
      <unitdate calendar="gregorian" era="ce" normal="1993-01-01/1996-12-31">1993-1996</unitdate>
     </did>
     <bioghist>
      <p>Forêts d'Artzenheim et de Brisach :</p>
      <p>Les parcelles de la forêt de Brisach concernées sont rattachées à cette procédure de classement car situées sur la commune d'Artzenheim.</p>
      <p>Forêts de Baltzenheim et de Brisach :</p>
      <p>Les parcelles de la forêt de Brisach concernées sont rattachées à cette procédure de classement car situées sur la commune de Baltzenheim.</p>
      <p>Forêts de Geiswasser et de Nambsheim :</p>
      <p>Les parcelles de la forêt de Nambsheim concernées sont rattachées à cette procédure car situées sur la commune de Geiswasser.</p>
      <p>Forêts de Heiteren et de Nambsheim :</p>
      <p>Les parcelles de la forêt de Nambsheim concernées sont rattachées à cette procédure car situées sur la commune de Heiteren.</p>
     </bioghist>
     <scopecontent>
      <p>Algosheim (1995-1996).</p>
      <p>Forêts d'Artzenheim et de Brisach (1995-1996).</p>
      <p>Forêts de Baltzenheim et de Brisach (1995-1996).</p>
      <p>Blodelsheim (1995-1996).</p>
      <p>Chalampé (1995-1996).</p>
      <p>Fessenheim (1993).</p>
      <p>Forêts de Geiswasser et de Nambsheim (1995-1996).</p>
      <p>Forêts de Heiteren et de Nambsheim (1995-1996).</p>
     </scopecontent>
    </c>
    <c id="ca0fsup2h1i--es6i5rnqa8z1" level="otherlevel">
    <did>
     <unitid type="cote-de-consultation">20170190/23</unitid>
      <unittitle>Massifs de « Kembs » à « Vogelgrun »</unittitle>
      <unitdate calendar="gregorian" era="ce" normal="1993-01-01/2004-12-31">1993-2004</unitdate>
     </did>
     <scopecontent>
      <p>Kembs (1993).</p>
      <p>Kunheim (1995-1996).</p>
      <p>Nonnenbruch (2004).</p>
      <p>Obersaasheim (1995-1996).</p>
      <p>Rumersheim-le-Haut (1995-1996).</p>
      <p>Vogelgrun (1995-1996).</p>
     </scopecontent>
    </c>
   </c>
   <c id="ca0fsup2izr-4r377r63m9qq" level="otherlevel">
   <did>
    <unitid type="identifiant">20170190/24-20170190/25</unitid>
     <unittitle>Savoie</unittitle>
     <unitdate calendar="gregorian" era="ce" normal="1925-01-01/1995-12-31">1925-1995</unitdate>
    </did>
    <scopecontent>
     <p>Dossiers de classement : décrets, plans de situation, plans cadastraux, tableaux (dits aussi « états ») parcellaires ou copies de documents relevant de l'ensemble des typologies précédemment énumérées.</p>
    </scopecontent>
    <c id="ca0fsup2ky1-aeht1qcsdg3i" level="otherlevel">
    <did>
     <unitid type="cote-de-consultation">20170190/24</unitid>
      <unittitle>Forêts de Beaufort, Bramans, Cevins, Cohennoz, Crest-Voland, Flumet, La Giettaz, Héry-sur-Ugine, Montmélien, Ugine, Notre-Dame-de-Bellecombe, Notre-Dame-des-Millières, Saint-Nicolas-la-Chapelle, Termignon.</unittitle>
      <unitdate calendar="gregorian" era="ce" normal="1925-01-01/1932-12-31">1925-1932</unitdate>
     </did>
    </c>
    <c id="ca0fsup2muu-r91ihxunzjud" level="otherlevel">
    <did>
     <unitid type="cote-de-consultation">20170190/25</unitid>
      <unittitle>Massifs de « Dos des Branches » à « Ronaz »</unittitle>
      <unitdate calendar="gregorian" era="ce" normal="1989-01-01/1995-12-31">1989-1995</unitdate>
     </did>
     <scopecontent>
      <p>Forêts du Dos des Branches et du Fontany (1992).</p>
      <p>Grand Bois et Grand Folliet (1995).</p>
      <p>Mont Saint-Jacques (1990-1992).</p>
      <p>Le Reclus (1992).</p>
      <p>Ronaz (1991).</p>
     </scopecontent>
    </c>
   </c>
   <c id="ca0fsup2ota-1ay6qpmmixdxx" level="otherlevel">
   <did>
    <unitid type="cote-de-consultation">20170190/26</unitid>
     <unittitle>Haute-Savoie</unittitle>
     <unitdate calendar="gregorian" era="ce" normal="1926-01-01/1995-12-31">1926-1995</unitdate>
    </did>
    <bioghist>
     <p>Forêts d'Auferrand… :</p>
     <p>Le décret précise que les forêts sont comprises dans trois massifs situés sur le territoire de la commune de Reposoir.</p>
     <p>La Combe d'Ire :</p>
     <p>Le décret précise que les forêts sont comprises dans un massif situé sur le territoire de la commune de Chevaline, au lieu-dit « Le Martinet ».</p>
     <p>Huble :</p>
     <p>Le décret spécifie que les forêts sont comprises dans un massif situé sur le territoire de la commune de Taninges. Le plan de 1995 précise qu'il s'agit de la « section dite d'Huble ».</p>
    </bioghist>
    <scopecontent>
     <p>Dossiers de classement : décrets, plans de situation, plans cadastraux, tableaux (dits aussi « états ») parcellaires ou copies de documents relevant de l'ensemble des typologies précédemment énumérées.</p>
     <p>Forêts d'Auferrand, de Sommier-d'Amont et de la Touvière (1926-1985).</p>
     <p>La Combe d'Ire (1926).</p>
     <p>Huble (1929-1995).</p>
     <p>Les Lapiaz (1951-1995).</p>
    </scopecontent>
   </c>
   <c id="ca0fsup2qqa--p5ougynyylsk" level="otherlevel">
   <did>
    <unitid type="cote-de-consultation">20170190/27</unitid>
     <unittitle>Seine-Maritime</unittitle>
     <unitdate calendar="gregorian" era="ce" normal="1993-01-01/2007-12-31">1993-2007</unitdate>
    </did>
    <scopecontent>
     <p>Dossiers de classement : décrets, plans de situation, plans cadastraux, tableaux (dits aussi « états ») parcellaires ou copies de documents relevant de l'ensemble des typologies précédemment énumérées.</p>
     <p>Forêt de Roumare (2006-2007).</p>
     <p>Massif du Rouvray (1993-2016).</p>
    </scopecontent>
   </c>
   <c id="ca0fsup2sof--5bkmxkkdph5f" level="otherlevel">
   <did>
    <unitid type="identifiant">20170190/28-20170190/33</unitid>
     <unittitle>Seine-et-Marne</unittitle>
     <unitdate calendar="gregorian" era="ce" normal="2001-01-01/2008-12-31">2001-2008</unitdate>
    </did>
    <scopecontent>
     <p>Dossiers de classement : décrets, plans de situation, plans cadastraux, tableaux (dits aussi « états ») parcellaires ou copies de documents relevant de l'ensemble des typologies précédemment énumérées.</p>
     <p>Forêt de Fontainebleau.</p>
    </scopecontent>
    <c id="ca0fsup2ulg-1somk96w6vaa7" level="otherlevel">
    <did>
     <unitid type="cote-de-consultation">20170190/28</unitid>
      <unittitle>Décret de 2002, décrets complémentaires de 2003, 2005 et 2008</unittitle>
      <unitdate calendar="gregorian" era="ce" normal="2002-01-01/2008-12-31">2002-2008</unitdate>
     </did>
     <bioghist>
      <p>Les annexes des décrets de 2002 et 2008 ont été numérisées à part (respectivement articles 20170190/29-20170190/32).</p>
      <p>Les listes des parcelles et des propriétaires annexées aux décrets de 2003 et 2005 concernent uniquement les communes d'Achères-la-Forêt, Barbizon, Bois-le-Roi, Dammarie-les-Lys, Fontainebleau, Larchant, Noisy-sur-École et Saint-Pierre-lès-Nemours.</p>
     </bioghist>
     <scopecontent>
      <p>Décrets, listes des parcelles classées, liste des propriétaires concernés.</p>
     </scopecontent>
    </c>
    <c id="ca0fsup2wkm-jnvc62kntva0" level="otherlevel">
    <did>
     <unitid type="identifiant">20170190/29-20170190/32</unitid>
      <unittitle>Annexes au décret de 2002</unittitle>
      <unitdate calendar="gregorian" era="ce" normal="2001-01-01/2002-12-31">2001-2002</unitdate>
     </did>
     <bioghist>
      <p>Les listes des parcelles classées étaient originellement organisées en deux classeurs, dits « tomes », qui ont été chacun séparés en deux articles pour des raisons pratiques. Le tome 1 rassemble les communes de « Achères » à « Larchant » et le tome 2 les communes de « Le Vaudoué » à « Villiers-sous-Grez ».</p>
      <p>Les cahiers des communes (au format A3) ont été rassemblés de manière à correspondre au classement des listes des parcelles décrites précédemment.</p>
      <p>La mention « Essonne » a été ajoutée entre parenthèses pour les quelques communes appartenant à ce département. Cette mention se caractérise, dans le nommage du fichier, par l'adjonction de « -91 » pour Essonne, au numéro minéralogique du département de la Seine-et-Marne (77). Toutes les autres relèvent de la Seine-et-Marne.</p>
     </bioghist>
     <arrangement>
      <p>Classement alphabétique des communes.</p>
     </arrangement>
     <c id="ca0fsup2yit-10oakge1jd8fj" level="otherlevel">
     <did>
      <unitid type="cote-de-consultation">20170190/29</unitid>
       <unittitle>Achères à Boissy-aux-Cailles</unittitle>
       <unitdate calendar="gregorian" era="ce" normal="2001-01-01/2002-12-31">2001-2002</unitdate>
      </did>
      <scopecontent>
       <p>Achères-la-Forêt.</p>
       <p>Arbonne-la-Forêt.</p>
       <p>Avon.</p>
       <p>Barbizon.</p>
       <p>Bois-le-Roi.</p>
       <p>Boissy-aux-Cailles.</p>
      </scopecontent>
     </c>
     <c id="ca0fsup30fs-1k5ax1rbmgp1q" level="otherlevel">
     <did>
      <unitid type="cote-de-consultation">20170190/30</unitid>
       <unittitle>Bourron-Marlotte à Milly-la-Forêt</unittitle>
       <unitdate calendar="gregorian" era="ce" normal="2001-01-01/2002-12-31">2001-2002</unitdate>
      </did>
      <scopecontent>
       <p>Bourron-Marlotte.</p>
       <p>Chailly-en-Bière.</p>
       <p>Chapelle-la-Reine (La).</p>
       <p>Courances (Essonne).</p>
       <p>Dammarie-les-Lys.</p>
       <p>Fleury-en-Bière.</p>
       <p>Fontainebleau.</p>
       <p>Grez-sur-Loing.</p>
       <p>Larchant.</p>
       <p>Milly-la-Forêt (Essonne).</p>
      </scopecontent>
     </c>
     <c id="ca0fsup32ea-1n5cc824rwfpu" level="otherlevel">
     <did>
      <unitid type="cote-de-consultation">20170190/31</unitid>
       <unittitle>Montigny-sur-Loing à Noisy-sur-École</unittitle>
       <unitdate calendar="gregorian" era="ce" normal="2001-01-01/2002-12-31">2001-2002</unitdate>
      </did>
      <scopecontent>
       <p>Montigny-sur-Loing.</p>
       <p>Moret-sur-Loing.</p>
       <p>Noisy-sur-École.</p>
      </scopecontent>
     </c>
     <c id="ca0fsup34c8--1oz5ex1cgzm6m" level="otherlevel">
     <did>
      <unitid type="cote-de-consultation">20170190/32</unitid>
       <unittitle>Recloses à Villiers-sous-Grez</unittitle>
       <unitdate calendar="gregorian" era="ce" normal="2001-01-01/2002-12-31">2001-2002</unitdate>
      </did>
      <scopecontent>
       <p>Recloses.</p>
       <p>Rochette (La).</p>
       <p>Saint-Martin-en-Bière.</p>
       <p>Saint-Pierre-lès-Nemours.</p>
       <p>Samois-sur-Seine.</p>
       <p>Thomery.</p>
       <p>Tousson.</p>
       <p>Ury.</p>
       <p>Vaudoué (Le).</p>
       <p>Veneux-les-Sablons.</p>
       <p>Villiers-en-Bière.</p>
       <p>Villiers-sous-Grez.</p>
      </scopecontent>
     </c>
    </c>
   </c>
   <c id="ca0fsup368n--183p5yf7brjkn" level="otherlevel">
   <did>
    <unitid type="identifiant">20170190/33-20170190/42</unitid>
     <unittitle>Yvelines</unittitle>
     <unitdate calendar="gregorian" era="ce" normal="2008-01-01/2009-12-31">2008-2009</unitdate>
    </did>
    <scopecontent>
     <p>Dossiers de classement : décrets, plans de situation, plans cadastraux, tableaux (dits aussi « états ») parcellaires ou copies de documents relevant de l'ensemble des typologies précédemment énumérées.</p>
    </scopecontent>
    <c id="ca0fsup3874--ofgh952qfoc7" level="otherlevel">
    <did>
     <unitid type="cote-de-consultation">20170190/33</unitid>
      <unittitle>Fausses-Reposes</unittitle>
      <unitdate calendar="gregorian" era="ce" normal="2007-01-01/2007-12-31">2007</unitdate>
     </did>
     <bioghist>
      <p>La procédure de classement a été coordonnée par le département des Yvelines, mais la forêt s'étend également sur celui des Hauts-de-Seine.</p>
     </bioghist>
    </c>
    <c id="ca0fsup3a5d--jg08j00a2pyl" level="otherlevel">
    <did>
     <unitid type="identifiant">20170190/34-20170190/42</unitid>
      <unittitle>Forêt de Rambouillet</unittitle>
      <unitdate calendar="gregorian" era="ce" normal="2008-01-01/2009-12-31">2008-2009</unitdate>
     </did>
     <c id="ca0fsup3c31-ro3pn7yp34l" level="otherlevel">
     <did>
      <unitid type="cote-de-consultation">20170190/34</unitid>
       <unittitle>Décret</unittitle>
       <unitdate calendar="gregorian" era="ce" normal="2009-01-01/2009-12-31">2009</unitdate>
      </did>
     </c>
     <c id="ca0fsup3e0g-uzkg0hpzefiu" level="otherlevel">
     <did>
      <unitid type="identifiant">20170190/35-20170190/42</unitid>
       <unittitle>Plans et tableaux parcellaires</unittitle>
       <unitdate calendar="gregorian" era="ce" normal="2008-01-01/2008-12-31">2008</unitdate>
      </did>
      <arrangement>
       <p>Classement alphabétique des communes.</p>
      </arrangement>
      <c id="ca0fsup3fxu--f4icwh5xnrnp" level="otherlevel">
      <did>
       <unitid type="cote-de-consultation">20170190/35</unitid>
        <unittitle>Adainville à Béhoust</unittitle>
        <unitdate calendar="gregorian" era="ce" normal="2008-01-01/2008-12-31">2008</unitdate>
       </did>
       <scopecontent>
        <p>Adainville.</p>
        <p>Auffargis.</p>
        <p>Bazainville.</p>
        <p>Béhoust.</p>
       </scopecontent>
      </c>
      <c id="ca0fsup3hui-22oxqew8ivqr" level="otherlevel">
      <did>
       <unitid type="cote-de-consultation">20170190/36</unitid>
        <unittitle>Boissière-École (La) à Bullion</unittitle>
        <unitdate calendar="gregorian" era="ce" normal="2008-01-01/2008-12-31">2008</unitdate>
       </did>
       <scopecontent>
        <p>Boissière-École (La).</p>
        <p>Bonnelles.</p>
        <p>Bourdonné.</p>
        <p>Bréviaires (Les).</p>
        <p>Bullion.</p>
       </scopecontent>
      </c>
      <c id="ca0fsup3ju4--1vlrv3yjlj095" level="otherlevel">
      <did>
       <unitid type="cote-de-consultation">20170190/37</unitid>
        <unittitle>Celle-les-Bordes (La) à Essarts-le-Roi (Les)</unittitle>
        <unitdate calendar="gregorian" era="ce" normal="2008-01-01/2008-12-31">2008</unitdate>
       </did>
       <scopecontent>
        <p>Celle-les-Bordes (La).</p>
        <p>Cernay-la-Ville.</p>
        <p>Clairefontaine-en-Yvelines.</p>
        <p>Condé-sur-Vesgre.</p>
        <p>Essarts-le-Roi (Les).</p>
       </scopecontent>
      </c>
      <c id="ca0fsup3lrk-r7k5x1n6ul3y" level="otherlevel">
      <did>
       <unitid type="cote-de-consultation">20170190/38</unitid>
        <unittitle>Galluis à Méré</unittitle>
        <unitdate calendar="gregorian" era="ce" normal="2008-01-01/2008-12-31">2008</unitdate>
       </did>
       <scopecontent>
        <p>Galluis.</p>
        <p>Gambais.</p>
        <p>Gambaiseuil.</p>
        <p>Garancières.</p>
        <p>Gazeran.</p>
        <p>Grosrouvre.</p>
        <p>Hermeray.</p>
        <p>Longvilliers.</p>
        <p>Méré.</p>
       </scopecontent>
      </c>
      <c id="ca0fsup3np8-17vs2ruvw2d1w" level="otherlevel">
      <did>
       <unitid type="cote-de-consultation">20170190/39</unitid>
        <unittitle>Mesnuls (Les) à Poigny-la-Forêt</unittitle>
        <unitdate calendar="gregorian" era="ce" normal="2008-01-01/2008-12-31">2008</unitdate>
       </did>
       <scopecontent>
        <p>Mesnuls (Les).</p>
        <p>Millemont.</p>
        <p>Mittainville.</p>
        <p>Montfort-l'Amaury.</p>
        <p>Orgerus.</p>
        <p>Perray-en-Yvelines (Le).</p>
        <p>Poigny-la-Forêt.</p>
       </scopecontent>
      </c>
      <c id="ca0fsup3plp-1sa8hd0qedeeu" level="otherlevel">
      <did>
       <unitid type="cote-de-consultation">20170190/40</unitid>
        <unittitle>Queue-les-Yvelines (La) à Rochefort-en-Yvelines</unittitle>
        <unitdate calendar="gregorian" era="ce" normal="2008-01-01/2008-12-31">2008</unitdate>
       </did>
       <scopecontent>
        <p>Queue-les-Yvelines (La).</p>
        <p>Raizeux.</p>
        <p>Rambouillet.</p>
        <p>Rochefort-en-Yvelines.</p>
       </scopecontent>
      </c>
      <c id="ca0fsup3rjv-1upxphfukj4ew" level="otherlevel">
      <did>
       <unitid type="cote-de-consultation">20170190/41</unitid>
        <unittitle>Saint-Arnoult-en-Yvelines à Saint-Rémy-l'Honoré</unittitle>
        <unitdate calendar="gregorian" era="ce" normal="2008-01-01/2008-12-31">2008</unitdate>
       </did>
       <scopecontent>
        <p>Saint-Arnoult-en-Yvelines.</p>
        <p>Saint-Léger-en-Yvelines.</p>
        <p>Saint-Rémy-l'Honoré.</p>
       </scopecontent>
      </c>
      <c id="ca0fsup3ti8--1i5ob21xx66fd" level="otherlevel">
      <did>
       <unitid type="cote-de-consultation">20170190/42</unitid>
        <unittitle>Senlisse à Vieille-Église-en-Yvelines</unittitle>
        <unitdate calendar="gregorian" era="ce" normal="2008-01-01/2008-12-31">2008</unitdate>
       </did>
       <scopecontent>
        <p>Senlisse.</p>
        <p>Sonchamp.</p>
        <p>Vieille-Église-en-Yvelines.</p>
       </scopecontent>
      </c>
     </c>
    </c>
   </c>
   <c id="ca0fsup3vfx--ya7a8ywvu0ix" level="otherlevel">
   <did>
    <unitid type="cote-de-consultation">20170190/43</unitid>
     <unittitle>Vaucluse</unittitle>
     <unitdate calendar="gregorian" era="ce" normal="1982-01-01/1982-12-31">1982</unitdate>
    </did>
    <scopecontent>
     <p>Dossiers de classement : décrets, plans de situation, plans cadastraux, tableaux (dits aussi « états ») parcellaires ou copies de documents relevant de l'ensemble des typologies précédemment énumérées.</p>
     <p>Les Dentelles de Montmirail.</p>
    </scopecontent>
   </c>
   <c id="ca0fsup3xdy--450khi9raqnb" level="otherlevel">
   <did>
    <unitid type="cote-de-consultation">20170190/44</unitid>
     <unittitle>Territoire de Belfort, Essonne</unittitle>
     <unitdate calendar="gregorian" era="ce" normal="1924-01-01/1995-12-31">1924-1995</unitdate>
    </did>
    <bioghist>
     <p>Forêt d'Ulisse… (Territoire de Belfort) :</p>
     <p>Ces forêts sont également connues sous les noms de forêts de la Goutte-des-Forges, de la Goutte-Louis, de la Goutte-des-Lys et de l'Etang des Roseaux.</p>
     <p>Le décret précise qu'il s'agit de deux massifs situés sur le territoire de la commune de Lepuix-Gy.</p>
     <p>Forêt de Sénart (Essonne) :</p>
     <p>La procédure de classement est coordonnée par le département de l'Essonne, mais la forêt s'étend également sur celui de la Seine-et-Marne.</p>
    </bioghist>
    <scopecontent>
     <p>Dossiers de classement : décrets, plans de situation, plans cadastraux, tableaux (dits aussi « états ») parcellaires ou copies de documents relevant de l'ensemble des typologies précédemment énumérées.</p>
     <p>
      <emph render="underline">Territoire de Belfort</emph>
     </p>
     <p>Forêt d'Ulisse ou du Lys et forêt de la Grande Roche (1924-1925).</p>
     <p>
      <emph render="underline">Essonne</emph>
     </p>
     <p>Forêt de Sénart (1995).</p>
    </scopecontent>
   </c>
  </dsc>
 </archdesc>
</ead>