<?xml version="1.0" encoding="UTF-8"?><?xml-stylesheet type='text/css' href='ead.css'?><!DOCTYPE ead SYSTEM "ead_sia.dtd">
<ead>
 <eadheader countryencoding="iso3166-1" dateencoding="iso8601" findaidstatus="acheve" langencoding="iso639-2b" relatedencoding="DC" repositoryencoding="iso15511" scriptencoding="iso15924">
  <eadid>FRAN_IR_056049</eadid>
 <filedesc>
  <titlestmt>
   <titleproper>Archives électroniques de la délégation à la communication (DELCOM 1) du Ministère de l'Éducation nationale (2004-2012)</titleproper>
    <subtitle>Répertoire numérique détaillé du versement 20144808/1-20144808/12</subtitle>
    <author>Clarisse Ragoubert, archiviste, Mission des archives et du patrimoine culturel, MENESR. Revu par Sandrine Gill, Archives nationales, Département de l'archivage électronique et des archives audiovisuelles</author>
   </titlestmt>
   <editionstmt>
    <edition>Première édition électronique</edition>
   </editionstmt>
   <publicationstmt>
   <publisher>Archives nationales</publisher>
    <address>
     <addressline>Fontainebleau</addressline>
    </address>
    <date calendar="gregorian" era="ce" normal="2015-01-01">2017</date>
   </publicationstmt>
  </filedesc>
  <profiledesc>
  <creation>Cet instrument de recherche a été rédigé avec un logiciel de traitement de texte.</creation>
   <langusage>
    <language langcode="fre">Français</language>
   </langusage>
   <descrules>Conforme à la norme ISAD(G) et aux règles d'application de la DTD EAD (version 2002) aux Archives nationales, il a reçu le visa du Service interministériel des Archives de France le .....</descrules>
  </profiledesc>
 </eadheader>
 <frontmatter>
  <div>
   <p/>
  </div>
 </frontmatter>
 <archdesc level="fonds">
 <did>
  <unitid type="identifiant">20144808/1-20144808/12</unitid>
   <unittitle>Délégation à la communication (DELCOM 1) : archives électroniques.</unittitle>
   <unitdate calendar="gregorian" era="ce" normal="2004-01-01 / 2012-12-31">2004-2012</unitdate>
   <origination>
    <corpname>Ministère de l'Éducation nationale, Délégation à la communication département de la communication pour l'enseignement supérieur et la recherche (DELCOM 1).</corpname>
   </origination>
   <physdesc>
   <extent>218 fichiers electroniques (soit une volumétrie d'environ 12 020 152 511 octets)</extent>
    <physfacet source="FRAN_RI_002" type="d3nd9y3c6o-iu0j3xsmoisx">archives électroniques</physfacet>
   </physdesc>
   <langmaterial>
    <language langcode="fre">Français</language>
   </langmaterial>
   <repository>Archives nationales.</repository>
   <physloc>Fontainebleau</physloc>
  </did>
  <accessrestrict>
   <p>Les conditions d'accès à ce fonds d'archives sont régies par le livre II du Code du patrimoine. L'ensemble des documents de ce fonds est librement communicable (article L. 213-2 du Code du patrimoine).</p>
  </accessrestrict>
  <userestrict>
   <p>Conditions d'utilisation soumises au règlement de la salle de lecture.</p>
  </userestrict>
  <acqinfo>
   <p>Versement en 2015.</p>
  </acqinfo>
  <bioghist>
   <p>De 2001 à 2006, la DELCOM 1 est le Département de la communication de la Recherche, puis de 2006 à 2014, le Département communication Recherche.</p>
   <p> Il définit et met en œuvre la stratégie de communication en étroite collaboration avec le cabinet du ministre et les directions concernées. Il regroupe les différentes compétences nécessaires à l'ensemble de l'activité d'un service de communication : web, relations presse et relations extérieures, événements etc.</p>
  </bioghist>
  <arrangement>
   <p>Le fonds s'articule autour de 6 grandes parties : </p>
   <list>
    <item>les campagnes 20144808/1-20144808/2</item>
    <item>les colloques concernant la lutte contre les discriminations et la recherche et l'innovation 20144808/3-20144808/5</item>
    <item> les expositions 20144808/6</item>
    <item> les prix 20144808/7-20144808/10</item>
    <item> les concours 20144808/11</item>
    <item>les hommages 20144808/12.</item>
   </list>
  </arrangement>
  <accruals>
   <p>Fonds ouvert.</p>
  </accruals>
  <scopecontent>
   <p>Ce fonds sous format électronique est à associer aux archives papier (20144628) et aux affiches (20144807) de la DELCOM 1. Composé de photographies, documents de présentation, diaporamas, vidéos, etc., il représente les activités de communications et événementiels de la DELCOM 1. </p>
   <p altrender="links">
    <ref role="ANX">Consulter les documents annexes ci-joint<extref href="FRAN_ANX_011799.pdf">20144808_annexe_fichiers</extref>
    </ref>
   </p>
  </scopecontent>
  <separatedmaterial>
   <p>
    <emph render="bold">20144807/1-20144807/9</emph> DELCOM 1 : affiches.</p>
   <p>
    <emph render="bold">20144628/1-20144628/74</emph> DELCOM 1 : département de la communication pour l'enseignement supérieur et la recherche.</p>
   <p altrender="links">
    <ref role="IR">Affiches de la DELCOM 1<archref href="FRAN_IR_053913">Archives de la délégation à la Communication du ministère de l'Éducaiton nationale(DELCOM 1), Affiches</archref>
    </ref>
    <ref role="IR">Archives papier de la DELCOM 1<archref href="FRAN_IR_053910">Archives de la délégation à la communication (DELCOM 1) du ministère de l'Éducation nationale</archref>
    </ref>
   </p>
  </separatedmaterial>
  <dsc>
  <c id="c6ek87wt0bxk--12mi0zrbqcet2" level="recordgrp">
   <did>
    <unitid type="identifiant">20144808/1-20144808/2</unitid>
     <unittitle>Campagne</unittitle>
     <unitdate calendar="gregorian" era="ce" normal="2006-01-01 / 2006-12-31">2006</unitdate>
    </did>
    <scopecontent>
     <p>Vie étudiante : portail étudiant.</p>
    </scopecontent>
    <separatedmaterial>
     <p>Les articles sont en liens avec l'article 20144628/14.</p>
    </separatedmaterial>
    <c id="c6ek87wt3o9s-1nu2hxxb9qzuk" level="file">
    <did>
     <unitid type="identifiant">20144808/1</unitid>
      <unittitle>Spots audio</unittitle>
      <unitdate calendar="gregorian" era="ce" normal="2006-01-01 / 2006-12-31">2006</unitdate>
      <physdesc>
      <extent>2 fichiers au format WAV.</extent>
      </physdesc>
     </did>
     <scopecontent>
      <p>1er fichier de 32 secondes.</p>
      <p>2eme fichier de 31 secondes.</p>
     </scopecontent>
    </c>
    <c id="c6ek87wt42wl--2scozstdprud" level="item">
    <did>
     <unitid type="identifiant">20144808/2</unitid>
      <unittitle>Film</unittitle>
      <unitdate calendar="gregorian" era="ce" normal="2006-01-01 / 2006-12-31">2006</unitdate>
      <physdesc>
      <extent>1 fichier au format MPG (durée 2:35)</extent>
      </physdesc>
     </did>
    </c>
   </c>
   <c id="c6ek87wt4d63-1oae767zoquvg" level="recordgrp">
   <did>
    <unitid type="identifiant">20144808/3-20144808/5</unitid>
     <unittitle>Colloques</unittitle>
     <unitdate calendar="gregorian" era="ce" normal="2004-01-01 / 2012-12-31">2004-2012</unitdate>
    </did>
    <c id="c6ek87wt4nl7-z0ufgb2mvp4l" level="file">
    <did>
     <unitid type="identifiant">20144808/3-20144808/4</unitid>
      <unittitle>Lutte contre les discriminations</unittitle>
      <unitdate calendar="gregorian" era="ce" normal="2004-01-01 / 2005-12-31">2004-2005</unitdate>
     </did>
     <scopecontent>
      <p>La parité.</p>
     </scopecontent>
     <c id="c6ek87wt4z78--ic0r27v8rlum" level="file">
     <did>
      <unitid type="identifiant">20144808/3</unitid>
       <unittitle>Filles, garçons : des métiers scientifiques pour tous.</unittitle>
       <unitdate calendar="gregorian" era="ce" normal="2004-01-01 / 2004-12-31">2004</unitdate>
       <physdesc>
       <extent>1 fichier au format MPG.</extent>
       </physdesc>
      </did>
      <scopecontent>
       <p>Interviews de six jeunes scientifiques.</p>
      </scopecontent>
      <separatedmaterial>
       <p>L'article est à mettre en lien avec l'article 20144628/36.</p>
      </separatedmaterial>
     </c>
     <c id="c6ek87wt5akf--1g991kycru6to" level="item">
     <did>
      <unitid type="identifiant">20144808/4</unitid>
       <unittitle>Femmes face aux sciences et technologies d'information et de communication.</unittitle>
       <unitdate calendar="gregorian" era="ce" normal="2005-01-01 / 2005-12-31">2005</unitdate>
       <physdesc>
       <extent>L'acte est au format PDF et comprend 128 pages.</extent>
       </physdesc>
      </did>
      <scopecontent>
       <p>Actes du colloque interministériel.</p>
      </scopecontent>
      <separatedmaterial>
       <p>L'article est à mettre en relation avec l'article 20144628/34.</p>
      </separatedmaterial>
     </c>
    </c>
    <c id="c6ek87wt5l9d-3sucltw3vpku" level="recordgrp">
    <did>
     <unitid type="identifiant">20144808/5</unitid>
      <unittitle>Recherche et innovation</unittitle>
      <unitdate calendar="gregorian" era="ce" normal="2012-01-01 / 2012-12-31">2012</unitdate>
      <physdesc>
      <extent>52 fichiers aux format JPG et PDF.</extent>
      </physdesc>
     </did>
     <scopecontent>
      <p>Politique d'intelligence économique pour la recherche : photographies.</p>
     </scopecontent>
     <separatedmaterial>
      <p>L'article est en lien avec l'article 20144628/42.</p>
     </separatedmaterial>
    </c>
   </c>
   <c id="c6ek87wt5w2h-cy3cx3xvixts" level="recordgrp">
   <did>
    <unitid type="identifiant">20144808/6</unitid>
     <unittitle>Valorisation</unittitle>
     <unitdate calendar="gregorian" era="ce" normal="2010-01-01 / 2010-12-31">2010</unitdate>
     <physdesc>
     <extent>38 vidéos au format VOB (durée 39:19).</extent>
     </physdesc>
    </did>
    <scopecontent>
     <p>Vie étudiante : 12 campus du 21ème siècle.</p>
     <p>L'article comprends un avant-propos et les présentations des 12 campus.</p>
    </scopecontent>
    <separatedmaterial>
     <p>Article à mettre en lien avec les articles 20144628/53 à 20144628/55 et l'article 20144807/7.</p>
    </separatedmaterial>
   </c>
   <c id="c6ek87wt65dx--1hekz2spucqnr" level="recordgrp">
   <did>
    <unitid type="identifiant">20144808/7-20144808/10</unitid>
     <unittitle>Prix Irène Joliot-Curie</unittitle>
     <unitdate calendar="gregorian" era="ce" normal="2007-01-01 / 2011-12-31">2007-2011</unitdate>
    </did>
    <scopecontent>
     <p>Les différents prix remis sont : </p>
     <list>
      <item>le prix femme scientifique de l'année</item>
      <item>le prix jeune femme scientifique</item>
      <item>le prix parcours femme entreprise</item>
      <item>le prix mentorat</item>
     </list>
    </scopecontent>
    <separatedmaterial>
     <p>Les articles sont en relation avec les articles 20144628/62 à 20144628/64 et 20144807/8.</p>
    </separatedmaterial>
    <c id="c6ek87wt6c40--xue2utfd2dsu" level="item">
    <did>
     <unitid type="identifiant">20144808/7</unitid>
      <unittitle>Edition 2007</unittitle>
      <unitdate calendar="gregorian" era="ce" normal="2007-01-01 / 2007-12-31">2007</unitdate>
      <physdesc>
      <extent>1 vidéo au format VOB (durée 1:11:42).</extent>
      </physdesc>
     </did>
     <scopecontent>
      <p>Présentation des lauréates, tables rondes et remise de prix.</p>
     </scopecontent>
    </c>
    <c id="c6ek87wt6iw4-1bv2cvmb6lmbp" level="item">
    <did>
     <unitid type="identifiant">20144808/8</unitid>
      <unittitle>Edition 2009</unittitle>
      <unitdate calendar="gregorian" era="ce" normal="2009-01-01 / 2009-12-31">2009</unitdate>
      <physdesc>
      <extent> 1 vidéo au format MPEG (durée 17:26).</extent>
      </physdesc>
     </did>
     <scopecontent>
      <p>Présentation des 4 lauréates.</p>
     </scopecontent>
    </c>
    <c id="c6ek87wt6pic--1fk3u6q2lj8v1" level="item">
    <did>
     <unitid type="identifiant">20144808/9</unitid>
      <unittitle>Edition 2010</unittitle>
      <unitdate calendar="gregorian" era="ce" normal="2010-01-01 / 2010-12-31">2010</unitdate>
      <physdesc>
      <extent>1 vidéo au format MPEG (durée : 08:40).</extent>
      </physdesc>
     </did>
     <scopecontent>
      <p>Présentation des 3 lauréates.</p>
     </scopecontent>
    </c>
    <c id="c6ek87wt6w0a--oex8xqh0g8yz" level="item">
    <did>
     <unitid type="identifiant">20144808/10</unitid>
      <unittitle>Edition 2011</unittitle>
      <unitdate calendar="gregorian" era="ce" normal="2011-01-01 / 2011-12-31">2011</unitdate>
      <physdesc>
      <extent>1 vidéo au format VOB. (durée : 14:41 min).</extent>
      </physdesc>
     </did>
     <scopecontent>
      <p>Présentation des 3 lauréates et des 10 ans du prix.</p>
     </scopecontent>
    </c>
   </c>
   <c id="c6ek87wt72iv-g9xrradw4bdf" level="recordgrp">
   <did>
    <unitid type="identifiant">20144808/11</unitid>
     <unittitle>Concours</unittitle>
     <unitdate calendar="gregorian" era="ce" normal="2011-01-01 / 2011-12-31">2011</unitdate>
     <physdesc>
     <extent>L'article contient un fichier PDF de 16 pages et 91 photographies au format JPG.</extent>
     </physdesc>
    </did>
    <scopecontent>
     <p>Beau à savoir, remise des prix : photographies.</p>
    </scopecontent>
    <separatedmaterial>
     <p>L'article est en relation avec les articles 20144628/68 à 20144628/71.</p>
    </separatedmaterial>
   </c>
   <c id="c6ek87wt78yy-1j5prhralxvuz" level="recordgrp">
   <did>
    <unitid type="identifiant">20144808/12</unitid>
     <unittitle>Hommage</unittitle>
     <unitdate calendar="gregorian" era="ce" normal="2009-01-01 / 2009-12-31">2009</unitdate>
     <physdesc>
     <extent>L'article contient un fichier PDF de 5 pages et 26 photographies au format JPG.</extent>
     </physdesc>
    </did>
    <scopecontent>
     <p>Inauguration de la salle Élie Cohen : photographies.</p>
    </scopecontent>
    <separatedmaterial>
     <p>L'article est en lien avec l'article 20144628/73.</p>
    </separatedmaterial>
   </c>
  </dsc>
 </archdesc>
</ead>