<?xml version="1.0" encoding="UTF-8"?><?xml-stylesheet type='text/css' href='ead.css'?><!DOCTYPE ead SYSTEM "ead_sia.dtd">
<ead>
 <eadheader countryencoding="iso3166-1" dateencoding="iso8601" findaidstatus="acheve" langencoding="iso639-2b" relatedencoding="DC" repositoryencoding="iso15511" scriptencoding="iso15924">
  <eadid>FRAN_IR_056050</eadid>
 <filedesc>
  <titlestmt>
   <titleproper>Dossiers de subvention de projets de l'Agence Nationale de la Recherche (ANR) : archives électroniques (2006-2011)</titleproper>
    <subtitle>Répertoire numérique du versement 20160015/1-20160015/29</subtitle>
    <author>Perrine Henninger, Marion Mathey, Sébastien Menu, Clémence Peyrot, Tristan Prieur, archivistes, Mission des archives et du patrimoine culturel, MENESR. Revu par Sandrine Gill, Archives nationales, Département de l'archivage électronique et des archives audiovisuelles</author>
   </titlestmt>
   <editionstmt>
    <edition>Première édition électronique</edition>
   </editionstmt>
   <publicationstmt>
   <publisher>Archives nationales</publisher>
    <address>
     <addressline>Fontainebleau</addressline>
    </address>
    <date calendar="gregorian" era="ce" normal="2016-01-01">2016</date>
   </publicationstmt>
  </filedesc>
  <profiledesc>
  <creation>Cet instrument de recherche a été rédigé avec un logiciel de traitement de texte.</creation>
   <langusage>
    <language langcode="fre">Français</language>
   </langusage>
   <descrules>Conforme à la norme ISAD(G) et aux règles d'application de la DTD EAD (version 2002) aux Archives nationales, il a reçu le visa du Service interministériel des Archives de France le .....</descrules>
  </profiledesc>
 </eadheader>
 <frontmatter>
  <div>
   <p/>
  </div>
 </frontmatter>
 <archdesc level="fonds">
 <did>
  <unitid type="identifiant">20160015/1-20160015/29</unitid>
   <unittitle>Agence Nationale de la Recherche (ANR) : archives électroniques.</unittitle>
   <unitdate calendar="gregorian" era="ce" normal="2006-01-01 / 2011-12-31">2006-2011</unitdate>
   <origination>
    <corpname>Agence nationale de la Recherche</corpname>
    <corpname>Ministère de l'Enseignement Supérieur et de la Recherche</corpname>
   </origination>
   <physdesc>
   <extent>1493 fichiers électroniques (soit une volumétrie d'environ 1 249 559 769 octets)</extent>
    <physfacet source="FRAN_RI_002" type="d3nd9y3c6o-iu0j3xsmoisx">archives électroniques</physfacet>
   </physdesc>
   <langmaterial>
    <language langcode="fre">Français</language>
    <language langcode="ger">Allemand</language>
    <language langcode="eng">Anglais</language>
    <language langcode="chi">Chinois</language>
   </langmaterial>
   <repository>Archives nationales</repository>
   <physloc>Fontainebleau</physloc>
  </did>
  <accessrestrict>
   <p>Les conditions d'accès à ce fonds d'archives sont régies par le livre II du Code du patrimoine.</p>
   <p>L'ensemble du fonds est librement communicable.</p>
  </accessrestrict>
  <userestrict>
   <p>Conditions d'utilisation soumises au règlement de la salle de lecture.</p>
  </userestrict>
  <acqinfo>
   <p>Versement en 2016</p>
  </acqinfo>
  <bioghist>
   <p>Les missions de l'agence nationale de la Recherche sont essentiellement axées autour du développement, de la gestion et du financement de programmes de recherche par la mise en place de partenariats entre secteurs publics et privés. Elle assure et renforce la coopération scientifique au niveau européen et international.</p>
   <p>Les projets financés par l'ANR sont organisés autour des six départements scientifiques :</p>
   <list>
    <item>Sciences humaines et sociales</item>
    <item>Biologie santé</item>
    <item>Environnement et ressources biologiques</item>
    <item>Énergie durable</item>
    <item>Ingénierie, procédés et sécurité</item>
    <item>Sciences et technologies de l'information et de la communication</item>
   </list>
  </bioghist>
  <arrangement>
   <p>Le classement retenu pour ce fonds s'organise en deux parties principales :</p>
   <p>- les dossiers de subvention traités initialement par le SGA (qui se divisent entre dossiers du FRT et dossiers du FNS), et transmis à l'ANR lors du transfert d'activité,</p>
   <p>- les dossiers de subvention traités par l'ANR (organisés selon les six départements scientifiques de l'ANR, puis par programme au sien de chaque département).</p>
   <p>Puis, au sein de chaque fonds (pour la période SGA) ou programme (pour la période ANR), les dossiers sont classés alphabétiquement par noms de projets.</p>
  </arrangement>
  <scopecontent>
   <p>Ce versement contient les dossiers de subvention de projets de recherche retenus et financés par le ministère puis par l'ANR. Ces dossiers se composent de documents portant sur le cadrage scientifique tels que les appels à projet, les rapports des experts, les comptes rendus de début, de suivi et de fin de projet. Les dossiers comportent également des documents relatifs au budget alloué à la réalisation du projet comme les certificats pour compte, les certificats pour solde, les bilans et les décisions d'aide. Ces archives électroniques apportent pour certains projets des compléments d'informations aux archives papiers.</p>
   <p>
    <emph render="underline">
     <emph render="bold">Table des sigles</emph>
    </emph>
   </p>
   <p>
    <emph render="bold">ANR </emph>: Agence nationale de la recherche </p>
   <p>
    <emph render="bold">CERAMET</emph> : Composite céramique-métal </p>
   <p>
    <emph render="bold">CEVAREF</emph> : céramique pour réacteur de vapo reformage </p>
   <p>
    <emph render="bold">CLIPPAC</emph> : conducteurs liquides ioniques protiques pour piles à combustible </p>
   <p>
    <emph render="bold">ECCO</emph> : Écosphère continentale </p>
   <p>
    <emph render="bold">EDU </emph>: Département énergie développement durable </p>
   <p>
    <emph render="bold">FNS</emph> : Fonds national de la science </p>
   <p>
    <emph render="bold">FRT </emph>: Fonds de la recherche et de la technique </p>
   <p>
    <emph render="bold">HABISOL </emph>: Programme habitat intelligent et solaire photovoltaïque </p>
   <p>
    <emph render="bold">HPAC </emph>: Programme hydrogène et piles à combustible </p>
   <p>
    <emph render="bold">HYDROMEL </emph>: évaluation des risques pour le transport d'hydrogène énergie pur ou en mélange avec le gaz naturel </p>
   <p>
    <emph render="bold">INNOVAME </emph>: conception innovante de matériaux pour assemblage membrane-électrodes </p>
   <p>
    <emph render="bold">LEA</emph> : étudier les usages actuels d'un livret électronique d'apprentissage en vue de sa réingénierie et de sa diffusion dans de nouvelles formations </p>
   <p>
    <emph render="bold">OMNISCIENTS </emph>: outils de maintenance conditionnelle non-invasifs pour systèmes de pile à combustible industriels en environnement transport et stationnaire </p>
   <p>
    <emph render="bold">PAC SM : </emph>développement de systèmes de pile à combustible pour les applications anaérobies de propulsion de sous-marins inhabités et stationnaires grand fond </p>
   <p>
    <emph render="bold">PACBI </emph>: pile à combustible pour bornes interactives </p>
   <p>
    <emph render="bold">PANH </emph>: plan d'action national sur l'hydrogène et les piles à combustible </p>
   <p>
    <emph render="bold">PROFIL </emph>: fabrication directe de pièces bonne matière par projection laser et frittage laser </p>
   <p>
    <emph render="bold">PSPV </emph>: programme solaire photovoltaïque </p>
   <p>
    <emph render="bold">RGCU :</emph> Réseau génie civil &amp; urbain </p>
   <p>
    <emph render="bold">SOLEDO </emph>: solution globale pour mini réseau avec source d'énergie décentralisée photovoltaïque ey gestion optimisée des flux de production et de consommation </p>
   <p altrender="links">
    <ref role="ANX">Consulter les documents annexes ci-joint<extref href="FRAN_ANX_011797.pdf">20160015_annexe_fichiers</extref>
    </ref>
   </p>
  </scopecontent>
  <separatedmaterial>
   <p>20140412 : Dossiers de subventions de projets de l'ANR.</p>
   <p altrender="links">
    <ref role="IR">Dossiers de subvention de l'ANR : archives papier<archref href="FRAN_IR_055038">Dossiers de subventions de projets de l'Agence nationale de la Recherche (ANR)</archref>
    </ref>
   </p>
  </separatedmaterial>
  <relatedmaterial>
   <p>20020481/1-15 : Ministère au secrétariat d'État chargé de la Recherche. (1967-1991)</p>
   <p>20030476/1-14 : Direction générale de la rechercher et de la technologie, mission scientifique et technique. (1986-1997)</p>
   <p>20040433/1-43 : Direction générale de la recherche et de la technologie. (1985-1993)</p>
   <p>20060557/1-19 : Bureau de la gestion administrative (sous-direction des interventions financières et de la comptabilité, ministère chargé de la recherche). (1989-2005)</p>
   <p altrender="links">
    <ref role="IR">Ministère au secrétariat d'Etat chargé de la Recherche (1967-1991) : archives papier<archref href="FRAN_IR_019505">Recherche ; Recherche et technologie (1967-1991)</archref>
    </ref>
    <ref role="IR">Direction générale de la recherche et de la technologie, mission scientifique et technique (1986-1997) : archives papier<archref href="FRAN_IR_010428">Recherche ; Direction générale de la recherche et de la technologie ; Mission scientifique et technique (1986-1997)</archref>
    </ref>
    <ref role="IR">Direction générale de la recherche et de la technologie (1985-1993) : archives papier<archref href="FRAN_IR_016255">Recherche ; Direction générale de la recherche et de la technologie ; Direction générale recherche et technologie (1985-1993)</archref>
    </ref>
    <ref role="IR">Bureau de la gestion administrative (1989-2005) : archives papier<archref href="FRAN_IR_026549">Recherche ; Direction générale de la recherche et de la technologie ; Direction du financement de la recherche ; Sous-direction interventions financières ; Bureau gestion administrative et financière (1989-2005)</archref>
    </ref>
   </p>
  </relatedmaterial>
  <dsc>
  <c id="c6el53exj3y2-1v2pvqkx1iijo" level="recordgrp">
   <did>
    <unitid type="identifiant">20160015/1-20160015/19</unitid>
     <unittitle>Instruction des demandes de subventions par le ministère de l'Enseignement supérieur et de la Recherche.</unittitle>
     <unitdate calendar="gregorian" era="ce" normal="2000-01-01 / 2009-12-31">2000-2009</unitdate>
     <physdesc>
     <extent>1373 fichiers électroniques (soit une volumétrie d'environ 705 817 867 octets)</extent>
     </physdesc>
    </did>
    <c id="c6el53exjqt6-1j4wsh4mq3anr" level="recordgrp">
    <did>
     <unitid type="identifiant">20160015/1-20160015/12</unitid>
      <unittitle>Fonds de la recherche et de la technique.</unittitle>
      <unitdate calendar="gregorian" era="ce" normal="2000-01-01 / 2008-12-31">2000-2008</unitdate>
     </did>
     <c id="c6el53exjy40-vcp01jpv4lyd" level="recordgrp">
     <did>
      <unitid type="identifiant">20160015/1-20160015/9</unitid>
       <unittitle>Attribution de subvention en 2003.</unittitle>
       <unitdate calendar="gregorian" era="ce" normal="2000-01-01 / 2005-12-31">2000-2005</unitdate>
      </did>
      <scopecontent>
       <p>Réseau génie civil et urbain (RGCU) : validation des modèles de vieillissement des ouvrages en béton armé atteints par la corrosion des aciers Benchmark des poutres de La Rance, n° de décision 03 V 551 à 557.</p>
      </scopecontent>
      <c id="c6el53exk4xz-1sk6hrgpvwoln" level="file">
      <did>
       <unitid type="identifiant">20160015/1</unitid>
        <unittitle>Réunions et journée d'étude finale.</unittitle>
        <unitdate calendar="gregorian" era="ce" normal="2004-01-01 / 2005-12-31">2004-2005</unitdate>
        <physdesc>
        <extent>31 fichiers au format PDF ; 1 fichier au format ODS.</extent>
        </physdesc>
       </did>
       <scopecontent>
        <p>Comptes rendus, programmes, liste de participants, notes de présentations, planning prévisionnel, note technique, supports de présentation, flyer.</p>
       </scopecontent>
      </c>
      <c id="c6el53exkbic--1dardgyl5q8jq" level="file">
      <did>
       <unitid type="identifiant">20160015/2</unitid>
        <unittitle>Rapports de la société BMC Rance et de ses partenaires.</unittitle>
        <unitdate calendar="gregorian" era="ce" normal="2003-01-01 / 2005-12-31">2003-2005</unitdate>
        <physdesc>
        <extent>16 fichiers au format PDF ; 7 fichiers au format JPEG.</extent>
        </physdesc>
       </did>
       <scopecontent>
        <p>Dossier de demande de subvention, fiche de proposition de recherche, rapports, supports de présentations, tirages photographiques.</p>
       </scopecontent>
      </c>
      <c id="c6el53exkihz-s2rk7nv7pk6n" level="file">
      <did>
       <unitid type="identifiant">20160015/3</unitid>
        <unittitle>Résultats d'expériences antérieures.</unittitle>
        <unitdate calendar="gregorian" era="ce" normal="2004-01-01 / 2005-12-31">2004-2005</unitdate>
        <physdesc>
        <extent>3 fichiers au format PDF ; 1 fichier au format ODS.</extent>
        </physdesc>
       </did>
       <scopecontent>
        <p>Tableaux récapitulatifs de données, graphique, schéma.</p>
       </scopecontent>
      </c>
      <c id="c6el53exkp8y-1xhe11c4vwa8f" level="file">
      <did>
       <unitid type="identifiant">20160015/4</unitid>
        <unittitle>Résultats d'essais expérimentaux.</unittitle>
        <unitdate calendar="gregorian" era="ce" normal="2004-01-01 / 2005-12-31">2004-2005</unitdate>
        <physdesc>
        <extent>116 fichiers au format PDF ; 55 fichiers au format TXT ; 199 fichiers au format ODS ; 21 fichiers au format JPEG ; 7 fichiers au format TIFF ; 40 fichiers au format PNG.</extent>
        </physdesc>
       </did>
       <scopecontent>
        <p>Notes de présentations, tableaux récapitulatifs, schémas, notes de mesures, tirages photographiques.</p>
       </scopecontent>
      </c>
      <c id="c6el53exkvwm--15wypvzdx2hh6" level="file">
      <did>
       <unitid type="identifiant">20160015/5</unitid>
        <unittitle>Modélisation.</unittitle>
        <unitdate calendar="gregorian" era="ce" normal="2000-01-01 / 2005-12-31">2000-2005</unitdate>
        <physdesc>
        <extent>42 fichiers au format PDF ; 290 fichiers au format ODS.</extent>
        </physdesc>
       </did>
       <scopecontent>
        <p>Comptes rendus d'expériences, graphiques, tableaux récapitulatifs, schémas.</p>
       </scopecontent>
      </c>
      <c id="c6el53exl2ke--axh73ke6n4e3" level="file">
      <did>
       <unitid type="identifiant">20160015/6</unitid>
        <unittitle>Présentations.</unittitle>
        <unitdate calendar="gregorian" era="ce" normal="2004-01-01 / 2005-12-31">2004-2005</unitdate>
        <physdesc>
        <extent>84 fichiers au format PDF ; 1 fichier au format ODS ; 1 fichier au format AVI.</extent>
        </physdesc>
       </did>
       <scopecontent>
        <p>Note de présentation, supports de présentations, planning, présentation vidéo d'expérience.</p>
       </scopecontent>
      </c>
      <c id="c6el53exl94b-1whpwx5tar23k" level="file">
      <did>
       <unitid type="identifiant">20160015/7</unitid>
        <unittitle>Interventions à des conférences scientifiques.</unittitle>
        <unitdate calendar="gregorian" era="ce" normal="2004-01-01 / 2005-12-31">2004-2005</unitdate>
        <physdesc>
        <extent>4 fichiers au format PDF ; 14 fichiers au format TIFF.</extent>
        </physdesc>
        <langmaterial>
         <language langcode="eng">Anglais</language>
        </langmaterial>
       </did>
       <scopecontent>
        <p>Articles, supports de présentations, annexes.</p>
       </scopecontent>
      </c>
      <c id="c6el53exlfxg--1f7w6438j34hd" level="file">
      <did>
       <unitid type="identifiant">20160015/8</unitid>
        <unittitle>Publications dans des revues internationales.</unittitle>
        <unitdate calendar="gregorian" era="ce" normal="2005-01-01 / 2005-12-31">2005</unitdate>
        <physdesc>
        <extent>11 fichiers au format PDF.</extent>
        </physdesc>
       </did>
       <scopecontent>
        <p>Articles.</p>
       </scopecontent>
      </c>
      <c id="c6el53exlmpi--h7hbyspmxp8o" level="file">
      <did>
       <unitid type="identifiant">20160015/9</unitid>
        <unittitle>Photographies d'essais expérimentaux.</unittitle>
        <unitdate calendar="gregorian" era="ce" normal="2000-01-01 / 2005-12-31">2000-2005</unitdate>
        <physdesc>
        <extent>172 fichiers au format JPEG.</extent>
        </physdesc>
       </did>
      </c>
     </c>
     <c id="c6el53exltfh-9fmf0korwg14" level="recordgrp">
     <did>
      <unitid type="identifiant">20160015/10-20160015/12</unitid>
       <unittitle>Attribution de subvention en 2004.</unittitle>
       <unitdate calendar="gregorian" era="ce" normal="2005-01-01 / 2008-12-31">2005-2008</unitdate>
      </did>
      <c id="c6el53exlztu-1c5z5o5xn5rj3" level="file">
      <did>
       <unitid type="identifiant">20160015/10</unitid>
        <unittitle>LEA : étudier les usages actuels d'un livret électronique d'apprentissage en vue de sa réingénierie et de sa diffusion dans de nouvelles formations.</unittitle>
        <unitdate calendar="gregorian" era="ce" normal="2007-01-01 / 2008-12-31">2007-2008</unitdate>
        <physdesc>
        <extent>3 fichiers au format PDF.</extent>
        </physdesc>
       </did>
       <scopecontent>
        <p>N° de décision 04 L 0402 : contrat de licence, manuel d'utlisation, manuel d'installation.</p>
       </scopecontent>
       <relatedmaterial>
        <p>Article en relation avec l'article 20140412/57.</p>
       </relatedmaterial>
      </c>
      <c id="c6el53exm6bz--cko13gb6pl5x" level="item">
      <did>
       <unitid type="identifiant">20160015/11</unitid>
        <unittitle>Optimisation et valorisation de la collection nationale du genre Hydrangea.</unittitle>
        <unitdate calendar="gregorian" era="ce" normal="2005-01-01 / 2005-12-31">2005</unitdate>
        <physdesc>
        <extent>1 fichier au format PDF.</extent>
        </physdesc>
       </did>
       <scopecontent>
        <p>N° de décision 04 G 0314 : rapport final de projet.</p>
       </scopecontent>
       <relatedmaterial>
        <p>Article en relation avec l'article 20140412/64</p>
       </relatedmaterial>
      </c>
      <c id="c6el53exmcv1-tsb18j48isfy" level="file">
      <did>
       <unitid type="identifiant">20160015/12</unitid>
        <unittitle>PROFIL : fabrication directe de pièces bonne matière par projection laser et frittage laser.</unittitle>
        <unitdate calendar="gregorian" era="ce" normal="2006-01-01 / 2007-12-31">2006-2007</unitdate>
        <physdesc>
        <extent>9 fichiers au format PDF.</extent>
        </physdesc>
       </did>
       <scopecontent>
        <p>N° de décision 04 K 0420 : rapport, annexes de rapport, fiche signalétique.</p>
       </scopecontent>
       <relatedmaterial>
        <p>Article en relation avec l'article 20140412/66</p>
       </relatedmaterial>
      </c>
     </c>
    </c>
    <c id="c6el53exmjfp-1lb1r6pvg0esx" level="recordgrp">
    <did>
     <unitid type="identifiant">20160015/13-20160015/19</unitid>
      <unittitle>Fonds national de la science.</unittitle>
      <unitdate calendar="gregorian" era="ce" normal="2005-01-01 / 2009-12-31">2005-2009</unitdate>
     </did>
     <c id="c6el53exmpxk-1lw22ghjx88qo" level="recordgrp">
     <did>
      <unitid type="identifiant">20160015/13-20160015/16</unitid>
       <unittitle>Attribution de subventions en 2003.</unittitle>
       <unitdate calendar="gregorian" era="ce" normal="2005-01-01 / 2009-12-31">2005-2009</unitdate>
      </did>
      <c id="c6el53expbg9--iw6u00slc3ry" level="file">
      <did>
       <unitid type="identifiant">20160015/13</unitid>
        <unittitle>Description aléatoire des interaction entre enfants : des protocoles de résolution de problèmes aux situations de conception et de fabrication d'objets.</unittitle>
        <unitdate calendar="gregorian" era="ce" normal="2007-01-01 / 2007-12-31">2007</unitdate>
        <physdesc>
        <extent>40 fichiers au format PDF ; 3 fichiers au format ODS.</extent>
        </physdesc>
       </did>
       <scopecontent>
        <p>N° de décision 03 5 381 : annexes de rapport de projet.</p>
       </scopecontent>
       <relatedmaterial>
        <p>Article en relation avec l'article 20140412/82.</p>
       </relatedmaterial>
      </c>
      <c id="c6el53expikp-1w9vhvtozrz5i" level="file">
      <did>
       <unitid type="identifiant">20160015/14</unitid>
        <unittitle>ECCO : Écosphère continentale.</unittitle>
        <unitdate calendar="gregorian" era="ce" normal="2005-01-01 / 2005-12-31">2005</unitdate>
        <physdesc>
        <extent>129 fichiers au format PDF.</extent>
        </physdesc>
       </did>
       <scopecontent>
        <p>Note de présentation de projet, actes de colloque, programme de colloque, posters de projets scientifiques, listes de membres de comités, liste de contributeurs.</p>
       </scopecontent>
      </c>
      <c id="c6el53exppm4-1j2798jsnt90t" level="file">
      <did>
       <unitid type="identifiant">20160015/15</unitid>
        <unittitle>Genoplante - impact of modification in the lignin metabolic pathway on fungal on bacterial pathogen resistance using Arabidopsis mutants and trangenic lines.</unittitle>
        <unitdate calendar="gregorian" era="ce" normal="2009-01-01 / 2009-12-31">2009</unitdate>
        <physdesc>
        <extent>43 fichiers au format PDF; 1 fichier au format ODS.</extent>
        </physdesc>
       </did>
       <scopecontent>
        <p>N° de décision 03 2 108 : rapports finaux de sous-projets, rapports d'avancements de sous-projets, programme de travaux scientifiques, tableau récapitulatif de résultats d'expérience.</p>
       </scopecontent>
       <separatedmaterial>
        <p>Délai de communicabilité de 50 ans.</p>
       </separatedmaterial>
       <relatedmaterial>
        <p>Article en relation avec l'article 20140412/84.</p>
       </relatedmaterial>
      </c>
      <c id="c6el53expwqm-1sfeqdd97e7sv" level="file">
      <did>
       <unitid type="identifiant">20160015/16</unitid>
        <unittitle>Les recompositions territoriales infra-étatiques en Europe : analyses géohistoriques comparées, France, Espagne, Hongrie.</unittitle>
        <unitdate calendar="gregorian" era="ce" normal="2005-01-01 / 2005-12-31">2005</unitdate>
        <physdesc>
        <extent>2 fichiers au format PDF.</extent>
        </physdesc>
        <langmaterial>
         <language langcode="spa">Espagnol</language>
        </langmaterial>
       </did>
       <scopecontent>
        <p>N° de décision 03 3 30 : supports de présentations.</p>
       </scopecontent>
       <relatedmaterial>
        <p>Article en relation avec l'article 20140412/86.</p>
       </relatedmaterial>
      </c>
     </c>
     <c id="c6el53exq3hu--1a9mu6j5zbemg" level="recordgrp">
     <did>
      <unitid type="identifiant">20160015/17-20160015/19</unitid>
       <unittitle>Attribution de subventions en 2004.</unittitle>
       <unitdate calendar="gregorian" era="ce" normal="2005-01-01 / 2009-12-31">2005-2009</unitdate>
      </did>
      <c id="c6el53exqa9z--aweqb9pezoij" level="file">
      <did>
       <unitid type="identifiant">20160015/17</unitid>
        <unittitle>Caucase : regards croisés sur un espace en recomposition.</unittitle>
        <unitdate calendar="gregorian" era="ce" normal="2009-01-01 / 2009-12-31">2009</unitdate>
        <physdesc>
        <extent>15 fichiers au format PDF ; 1 fichier au format JPEG.</extent>
        </physdesc>
       </did>
       <scopecontent>
        <p>N° de décision 04 5 322, préparation de l'ouvrage <emph render="italic">Atlas géopolitique du Caucase</emph> : brouillons de pages, couverture d'ouvrage. </p>
       </scopecontent>
       <relatedmaterial>
        <p>Article en relation avec l'article 20140412/100.</p>
       </relatedmaterial>
      </c>
      <c id="c6el53exqh4r-1owfvepaherpk" level="item">
      <did>
       <unitid type="identifiant">20160015/18</unitid>
        <unittitle>Évolution, natures et cultures.</unittitle>
        <unitdate calendar="gregorian" era="ce" normal="2009-01-01 / 2009-12-31">2009</unitdate>
        <physdesc>
        <extent>1 fichier au format PDF.</extent>
        </physdesc>
       </did>
       <scopecontent>
        <p>N° de décision 04 5 683 et 684 : exemplaire numérique de la revue <emph render="italic">Techniques et culture</emph>, n°50, 1er semestre 2008 : les "natures de l'homme". </p>
       </scopecontent>
       <relatedmaterial>
        <p>Article en relation avec l'article 20140412/109.</p>
       </relatedmaterial>
      </c>
      <c id="c6el53exqp1e--i6j9uorkc66w" level="file">
      <did>
       <unitid type="identifiant">20160015/19</unitid>
        <unittitle>Incorporation : réincorporer le langage en interaction.</unittitle>
        <unitdate calendar="gregorian" era="ce" normal="2005-01-01 / 2008-12-31">2005-2008</unitdate>
        <physdesc>
        <extent>4 fichiers au format PDF ; 1 fichier au format ODS ; 1 fichier au format MPG ; 4 fichiers au format MOV ; 1 fichier au format WAV.</extent>
        </physdesc>
       </did>
       <scopecontent>
        <p>N° de décision 04 5 314 : rapport scientifique, étude, extraits vidéo d'expérience, extrait audio d'expérience, tableaux comparatifs, fiche technique.</p>
       </scopecontent>
       <relatedmaterial>
        <p>Article en relation avec l'article 201410412/114.</p>
       </relatedmaterial>
      </c>
     </c>
    </c>
   </c>
   <c id="c6el53exqvqc-cnizuwjcmzvp" level="recordgrp">
   <did>
    <unitid type="identifiant">20160015/20-20160015/29</unitid>
     <unittitle>Gestion des demandes de subventions par l'ANR, département Energie développement durable (EDU).</unittitle>
     <unitdate calendar="gregorian" era="ce" normal="2006-01-01 / 2011-12-31">2006-2011</unitdate>
     <physdesc>
     <extent>120 fichiers électroniques (soit une volumétrie d'environ 543 741 902 octets)</extent>
     </physdesc>
    </did>
    <c id="c6el53exr2ki-fzhvi5egpuca" level="recordgrp">
    <did>
     <unitid type="identifiant">20160015/20-20160015/26</unitid>
      <unittitle>Plan d'action national sur l'hydrogène et les piles à combustibles (PANH).</unittitle>
      <unitdate calendar="gregorian" era="ce" normal="2006-01-01 / 2011-12-31">2006-2011</unitdate>
     </did>
     <c id="c6el53exr91m-1ipum5ooav3v6" level="recordgrp">
     <did>
      <unitid type="identifiant">20160015/20-20160015/23</unitid>
       <unittitle>Attributions de subventions en 2005.</unittitle>
       <unitdate calendar="gregorian" era="ce" normal="2006-01-01 / 2010-12-31">2006-2010</unitdate>
      </did>
      <c id="c6el53exrfte--1jdhy2p3hlilv" level="file">
      <did>
       <unitid type="identifiant">20160015/20</unitid>
        <unittitle>CEVAREF : céramiques pour réacteur de vapo reformage.</unittitle>
        <unitdate calendar="gregorian" era="ce" normal="2006-01-01 / 2008-12-31">2006-2008</unitdate>
        <physdesc>
        <extent>10 fichiers au format PDF.</extent>
        </physdesc>
       </did>
       <scopecontent>
        <p>N° de décision ANR-05-PANH-003 : rapports finaux de projet, rapports d'expertise, annexes de rapport.</p>
       </scopecontent>
       <relatedmaterial>
        <p>Article en relation avec l'article 20140412/142.</p>
       </relatedmaterial>
      </c>
      <c id="c6el53exrmfm-q13zhxcbtxkf" level="file">
      <did>
       <unitid type="identifiant">20160015/21</unitid>
        <unittitle>CLIPPAC : conducteurs liquides ioniques protiques pour piles à combustible.</unittitle>
        <unitdate calendar="gregorian" era="ce" normal="2010-01-01 / 2010-12-31">2010</unitdate>
        <physdesc>
        <extent>2 fichiers au format PDF.</extent>
        </physdesc>
       </did>
       <scopecontent>
        <p>N° de décision ANR-05-PANH-001 : compte rendu final, synthèse.</p>
       </scopecontent>
       <relatedmaterial>
        <p>Article en relation avec l'article 20140412/142.</p>
       </relatedmaterial>
      </c>
      <c id="c6el53exrt2s-1lfyq0kocc2r3" level="file">
      <did>
       <unitid type="identifiant">20160015/22</unitid>
        <unittitle>INNOVAME : conception innovante de matériaux pour assemblage membrane-électrodes .</unittitle>
        <unitdate calendar="gregorian" era="ce" normal="2006-01-01 / 2009-12-31">2006-2009</unitdate>
        <physdesc>
        <extent>47 fichiers au format PDF.</extent>
        </physdesc>
       </did>
       <scopecontent>
        <p>N° de décision ANR-05-PANH-016 : rapports finaux, rapports intermédiaires, rapports semestriels, rapports techniques de livrables, comptes rendus de réunions.</p>
       </scopecontent>
       <relatedmaterial>
        <p>Article en relation avec les articles 20140412/146 et 2014041/147.</p>
       </relatedmaterial>
      </c>
      <c id="c6el53exrzum--1eniqwmkxm7n3" level="item">
      <did>
       <unitid type="identifiant">20160015/23</unitid>
        <unittitle>PACBI : pile à combustible pour bornes interactives.</unittitle>
        <unitdate calendar="gregorian" era="ce" normal="2008-01-01 / 2008-12-31">2008</unitdate>
        <physdesc>
        <extent>1 fichier au format PDF.</extent>
        </physdesc>
       </did>
       <scopecontent>
        <p>N° de décision ANR-05-PANH-009 : rapport final de projet.</p>
       </scopecontent>
       <relatedmaterial>
        <p>Article en relation avec l'article 20140412/148.</p>
       </relatedmaterial>
      </c>
     </c>
     <c id="c6el53exs6mr--jv9k82gob776" level="recordgrp">
     <did>
      <unitid type="identifiant">20160015/24-20160015/25</unitid>
       <unittitle>Attributions de subventions en 2006.</unittitle>
       <unitdate calendar="gregorian" era="ce" normal="2010-01-01 / 2011-12-31">2010-2011</unitdate>
      </did>
      <c id="c6el53exsdex--1een5qtjgz5i1" level="file">
      <did>
       <unitid type="identifiant">20160015/24</unitid>
        <unittitle>CERAMET : Composite céramique-métal pour EHT et SOFC.</unittitle>
        <unitdate calendar="gregorian" era="ce" normal="2010-01-01 / 2010-12-31">2010</unitdate>
        <physdesc>
        <extent>4 fichiers au format PDF.</extent>
        </physdesc>
       </did>
       <scopecontent>
        <p>N° de décision ANR-06-PANH-007 : synthèses, relevés de dépenses.</p>
       </scopecontent>
       <relatedmaterial>
        <p>Article en relation avec l'article 20140412/152.</p>
       </relatedmaterial>
      </c>
      <c id="c6el53exsk8s--i2cd8fm2dhjq" level="file">
      <did>
       <unitid type="identifiant">20160015/25</unitid>
        <unittitle>HYDROMEL : évaluation des risques pour le transport d'hydrogène énergie pur ou en mélange avec le gaz naturel.</unittitle>
        <unitdate calendar="gregorian" era="ce" normal="2011-01-01 / 2011-12-31">2011</unitdate>
        <physdesc>
        <extent>29 fichiers au format PDF ; 1 fichier au format TXT.</extent>
        </physdesc>
        <langmaterial>
         <language langcode="eng">Anglais</language>
        </langmaterial>
       </did>
       <scopecontent>
        <p>N° de décision ANR-06-PANH-001 : rapports d'expérimentations, tirés-à-part, synthèses, compte rendu de réunion, extrait de rapport.</p>
       </scopecontent>
       <relatedmaterial>
        <p>Article en relation avec l'article 20140412/155.</p>
       </relatedmaterial>
      </c>
     </c>
     <c id="c6el53exsqvw-avx8z3xpgi76" level="item">
     <did>
      <unitid type="identifiant">20160015/26</unitid>
       <unittitle>Attributions de subventions en 2007.</unittitle>
       <unitdate calendar="gregorian" era="ce" normal="2009-01-01 / 2009-12-31">2009</unitdate>
       <physdesc>
       <extent>1 fichier au format VOB.</extent>
       </physdesc>
       <langmaterial>
        <language langcode="eng">Anglais</language>
       </langmaterial>
      </did>
      <scopecontent>
       <p>PAC SM phase 2 : développement de systèmes de pile à combustible pour les applications anaérobies de propulsion de sous-marins inhabités et stationnaires grands fond, n° de décision ANR-07-PANH-011 : présentation vidéo de test.</p>
      </scopecontent>
      <relatedmaterial>
       <p>Article en relation avec l'article 20140412/162.</p>
      </relatedmaterial>
     </c>
    </c>
    <c id="c6el53exsxgg-1f9hhr55rjk5a" level="file">
    <did>
     <unitid type="identifiant">20160015/27</unitid>
      <unittitle>Programme solaire photovoltaïque (PSPV).</unittitle>
      <unitdate calendar="gregorian" era="ce" normal="2010-01-01 / 2010-12-31">2010</unitdate>
      <physdesc>
      <extent>11 fichiers au format PDF.</extent>
      </physdesc>
     </did>
     <scopecontent>
      <p>SOLEDO : solution globale pour mini réseau avec source d'énergie décentralisée photovoltaïque et gestion optimisée des flux de production et de consommation, n° de décision ANR-06-PSPV-013 : synthèse, rapports techniques de livrables.</p>
     </scopecontent>
     <relatedmaterial>
      <p>Article en relation avec l'article 20140412/172.</p>
     </relatedmaterial>
    </c>
    <c id="c6el53ext3zr--9ybzrkowqkco" level="file">
    <did>
     <unitid type="identifiant">20160015/28</unitid>
      <unittitle>Programme habitat intelligent et solaire photovoltaïque (HABISOL).</unittitle>
      <unitdate calendar="gregorian" era="ce" normal="2009-01-01 / 2009-12-31">2009</unitdate>
      <physdesc>
      <extent>10 fichiers au format PDF.</extent>
      </physdesc>
     </did>
     <scopecontent>
      <p>Si-X : caractérisation et compréhension de la cristallisation du silicium photovoltaïque: imagerie X synchrotron, n° de décision ANR-08-HABI-012 : compte rendu de réunion, supports de présentations.</p>
     </scopecontent>
     <relatedmaterial>
      <p>Article en relation avec l'article 20140412/176.</p>
     </relatedmaterial>
    </c>
    <c id="c6el53extajl-wt3qs2ifmgkd" level="file">
    <did>
     <unitid type="identifiant">20160015/29</unitid>
      <unittitle>Programme hydrogène et piles à combustible (HPAC).</unittitle>
      <unitdate calendar="gregorian" era="ce" normal="2011-01-01 / 2011-12-31">2011</unitdate>
      <physdesc>
      <extent>4 fichiers au format PDF.</extent>
      </physdesc>
     </did>
     <scopecontent>
      <p>OMNISCIENTS : outils de maintenance conditionnelle non-invasifs pour systèmes de pile à combustible industriels en environnement transport et stationnaire, n° de décision ANR-09-HPAC-009 : compte rendu scientifique d'avancement de projet, compte rendu de réunion, dossier d'annexes, correspondance.</p>
     </scopecontent>
     <relatedmaterial>
      <p>Article en relation avec l'article 20140412/181.</p>
     </relatedmaterial>
    </c>
   </c>
  </dsc>
 </archdesc>
</ead>